Sep 14 23:25:46 pico-qcd kernel: intel-ipu6 intel-ipu60: trace csi2-0 set_stream=1: stream_count=0 remote_streams=1 source=3 external=ov8865 2-0010
Sep 14 23:25:46 pico-qcd kernel: intel-ipu6 intel-ipu60: trace csi 0 timing: link_freq=360000000 accinv=8 calculated ctermen=0 csettle=672 dtermen=0 dsettle=658
Sep 14 23:25:46 pico-qcd kernel: intel-ipu6 intel-ipu60: trace csi 0 set_stream entry: rx enable=0x0 lanes=0 config=0x0 status=0x0 hs=0x0 lp=0x0 ctermen=0 csettle=0 d0termen=0 d0settle=0 d1termen=0 d1settle=0 receiver_errors=0x0
Sep 14 23:25:46 pico-qcd kernel: intel-ipu6 intel-ipu60: trace csi 0 set_stream enable done: rx enable=0x1 lanes=4 config=0x3 status=0x0 hs=0x0 lp=0x0 ctermen=0 csettle=672 d0termen=0 d0settle=658 d1termen=0 d1settle=658 receiver_errors=0x0
Sep 14 23:25:46 pico-qcd kernel: intel-ipu6 intel-ipu60: trace csi 0 stream enabled: lanes=4 timing ctermen=0 csettle=672 dtermen=0 dsettle=658 source=3
Sep 14 23:25:46 pico-qcd kernel: intel-ipu6 intel-ipu60: trace csi 0 error snapshot: rx enable=0x1 lanes=4 config=0x3 status=0x0 hs=0x0 lp=0x0 ctermen=0 csettle=672 d0termen=0 d0settle=658 d1termen=0 d1settle=658 receiver_errors=0x4000
Sep 14 23:25:46 pico-qcd kernel: intel-ipu6 intel-ipu60: trace csi 0 error snapshot: rx enable=0x1 lanes=4 config=0x3 status=0x0 hs=0x0 lp=0x0 ctermen=0 csettle=672 d0termen=0 d0settle=658 d1termen=0 d1settle=658 receiver_errors=0x0
Sep 14 23:25:47 pico-qcd kernel: intel-ipu6 intel-ipu60: trace csi 0 error snapshot: rx enable=0x1 lanes=4 config=0x3 status=0x0 hs=0x0 lp=0x0 ctermen=0 csettle=672 d0termen=0 d0settle=658 d1termen=0 d1settle=658 receiver_errors=0x0
Sep 14 23:25:47 pico-qcd kernel: intel-ipu6 intel-ipu60: trace csi 0 error snapshot: rx enable=0x1 lanes=4 config=0x3 status=0x0 hs=0x0 lp=0x0 ctermen=0 csettle=672 d0termen=0 d0settle=658 d1termen=0 d1settle=658 receiver_errors=0x0
Sep 14 23:25:47 pico-qcd kernel: intel-ipu6 intel-ipu60: trace csi 0 error snapshot: rx enable=0x1 lanes=4 config=0x3 status=0x0 hs=0x0 lp=0x0 ctermen=0 csettle=672 d0termen=0 d0settle=658 d1termen=0 d1settle=658 receiver_errors=0x0
Sep 14 23:25:47 pico-qcd kernel: intel-ipu6 intel-ipu60: trace csi 0 error snapshot: rx enable=0x1 lanes=4 config=0x3 status=0x0 hs=0x0 lp=0x0 ctermen=0 csettle=672 d0termen=0 d0settle=658 d1termen=0 d1settle=658 receiver_errors=0x0
Sep 14 23:25:47 pico-qcd kernel: intel-ipu6 intel-ipu60: trace csi 0 error snapshot: rx enable=0x1 lanes=4 config=0x3 status=0x0 hs=0x0 lp=0x0 ctermen=0 csettle=672 d0termen=0 d0settle=658 d1termen=0 d1settle=658 receiver_errors=0x0
Sep 14 23:25:47 pico-qcd kernel: intel-ipu6 intel-ipu60: trace csi 0 error snapshot: rx enable=0x1 lanes=4 config=0x3 status=0x0 hs=0x0 lp=0x0 ctermen=0 csettle=672 d0termen=0 d0settle=658 d1termen=0 d1settle=658 receiver_errors=0x0
Sep 14 23:25:47 pico-qcd kernel: intel-ipu6 intel-ipu60: trace csi 0 error snapshot: rx enable=0x1 lanes=4 config=0x3 status=0x0 hs=0x0 lp=0x0 ctermen=0 csettle=672 d0termen=0 d0settle=658 d1termen=0 d1settle=658 receiver_errors=0x0
Sep 14 23:25:47 pico-qcd kernel: intel-ipu6 intel-ipu60: s_stream ov8865 2-0010 (ext)
Sep 14 23:25:47 pico-qcd kernel: intel-ipu6 intel-ipu60: trace csi2-0 set_stream=0: stream_count=1 remote_streams=1 source=3 external=ov8865 2-0010
Sep 14 23:25:47 pico-qcd kernel: intel-ipu6 intel-ipu60: trace csi 0 set_stream entry: rx enable=0x1 lanes=4 config=0x3 status=0x0 hs=0x0 lp=0x0 ctermen=0 csettle=672 d0termen=0 d0settle=658 d1termen=0 d1settle=658 receiver_errors=0x0
Sep 14 23:25:47 pico-qcd kernel: intel-ipu6 intel-ipu60: trace csi 0 set_stream disable pre-error: rx enable=0x1 lanes=4 config=0x3 status=0x0 hs=0x0 lp=0x0 ctermen=0 csettle=672 d0termen=0 d0settle=658 d1termen=0 d1settle=658 receiver_errors=0x0
Sep 14 23:25:47 pico-qcd kernel: intel-ipu6 intel-ipu60: trace csi 0 error snapshot: rx enable=0x1 lanes=4 config=0x3 status=0x0 hs=0x0 lp=0x0 ctermen=0 csettle=672 d0termen=0 d0settle=658 d1termen=0 d1settle=658 receiver_errors=0x0
Sep 14 23:25:47 pico-qcd kernel: intel-ipu6 intel-ipu60: trace csi 0 set_stream disable done: rx enable=0x0 lanes=4 config=0x0 status=0x0 hs=0x0 lp=0x0 ctermen=0 csettle=672 d0termen=0 d0settle=658 d1termen=0 d1settle=658 receiver_errors=0x0
Sep 14 23:25:47 pico-qcd kernel: intel-ipu6 intel-ipu60: trace csi2-2 set_stream=1: stream_count=0 remote_streams=1 source=7 external=ov5693 1-0036
Sep 14 23:25:47 pico-qcd kernel: intel-ipu6 intel-ipu60: trace csi 2 timing: link_freq=419200000 accinv=8 calculated ctermen=0 csettle=684 dtermen=0 dsettle=661
Sep 14 23:25:47 pico-qcd kernel: intel-ipu6 intel-ipu60: trace csi 2 set_stream entry: rx enable=0x0 lanes=0 config=0x0 status=0x0 hs=0x0 lp=0x0 ctermen=0 csettle=0 d0termen=0 d0settle=0 d1termen=0 d1settle=0 receiver_errors=0x0
Sep 14 23:25:47 pico-qcd kernel: intel-ipu6 intel-ipu60: trace csi 2 set_stream enable done: rx enable=0x1 lanes=2 config=0x3 status=0x0 hs=0x0 lp=0x0 ctermen=0 csettle=684 d0termen=0 d0settle=661 d1termen=0 d1settle=661 receiver_errors=0x0
Sep 14 23:25:47 pico-qcd kernel: intel-ipu6 intel-ipu60: trace csi 2 stream enabled: lanes=2 timing ctermen=0 csettle=684 dtermen=0 dsettle=661 source=7
Sep 14 23:25:47 pico-qcd kernel: intel-ipu6 intel-ipu60: trace csi 2 error snapshot: rx enable=0x1 lanes=2 config=0x3 status=0x0 hs=0x0 lp=0x0 ctermen=0 csettle=684 d0termen=0 d0settle=661 d1termen=0 d1settle=661 receiver_errors=0x4000
Sep 14 23:25:47 pico-qcd kernel: intel-ipu6 intel-ipu60: trace csi 2 error snapshot: rx enable=0x1 lanes=2 config=0x3 status=0x0 hs=0x0 lp=0x0 ctermen=0 csettle=684 d0termen=0 d0settle=661 d1termen=0 d1settle=661 receiver_errors=0x0
Sep 14 23:25:47 pico-qcd kernel: intel-ipu6 intel-ipu60: trace csi 2 error snapshot: rx enable=0x1 lanes=2 config=0x3 status=0x1 hs=0x300 lp=0x0 ctermen=0 csettle=684 d0termen=0 d0settle=661 d1termen=0 d1settle=661 receiver_errors=0x402
Sep 14 23:25:47 pico-qcd kernel: intel-ipu6 intel-ipu60: csi2-2 error: DPHY non-recoverable synchronization error
Sep 14 23:25:47 pico-qcd kernel: intel-ipu6 intel-ipu60: trace csi 2 error snapshot: rx enable=0x1 lanes=2 config=0x3 status=0x0 hs=0x300 lp=0x0 ctermen=0 csettle=684 d0termen=0 d0settle=661 d1termen=0 d1settle=661 receiver_errors=0x8481
Sep 14 23:25:47 pico-qcd kernel: intel-ipu6 intel-ipu60: csi2-2 error: Frame sync error
Sep 14 23:25:47 pico-qcd kernel: intel-ipu6 intel-ipu60: csi2-2 error: DPHY non-recoverable synchronization error
Sep 14 23:25:47 pico-qcd kernel: intel-ipu6 intel-ipu60: trace csi 2 error snapshot: rx enable=0x1 lanes=2 config=0x3 status=0x1 hs=0x300 lp=0x0 ctermen=0 csettle=684 d0termen=0 d0settle=661 d1termen=0 d1settle=661 receiver_errors=0x8403
Sep 14 23:25:47 pico-qcd kernel: intel-ipu6 intel-ipu60: csi2-2 error: DPHY non-recoverable synchronization error
Sep 14 23:25:47 pico-qcd kernel: intel-ipu6 intel-ipu60: trace csi 2 error snapshot: rx enable=0x1 lanes=2 config=0x3 status=0x1 hs=0x301 lp=0x0 ctermen=0 csettle=684 d0termen=0 d0settle=661 d1termen=0 d1settle=661 receiver_errors=0x681
Sep 14 23:25:47 pico-qcd kernel: intel-ipu6 intel-ipu60: csi2-2 error: Frame sync error
Sep 14 23:25:47 pico-qcd kernel: intel-ipu6 intel-ipu60: csi2-2 error: DPHY non-recoverable synchronization error
Sep 14 23:25:48 pico-qcd kernel: intel-ipu6 intel-ipu60: no frames from ov5693 1-0036 after start; bouncing sensor (retry 1)
Sep 14 23:25:48 pico-qcd kernel: intel-ipu6 intel-ipu60: trace csi 2 error snapshot: rx enable=0x1 lanes=2 config=0x3 status=0x1 hs=0x301 lp=0x0 ctermen=0 csettle=684 d0termen=0 d0settle=661 d1termen=0 d1settle=661 receiver_errors=0x8483
Sep 14 23:25:48 pico-qcd kernel: intel-ipu6 intel-ipu60: csi2-2 error: Frame sync error
Sep 14 23:25:48 pico-qcd kernel: intel-ipu6 intel-ipu60: csi2-2 error: DPHY non-recoverable synchronization error
Sep 14 23:25:48 pico-qcd kernel: intel-ipu6 intel-ipu60: trace csi 2 error snapshot: rx enable=0x1 lanes=2 config=0x3 status=0x1 hs=0x301 lp=0x0 ctermen=0 csettle=684 d0termen=0 d0settle=661 d1termen=0 d1settle=661 receiver_errors=0x8400
Sep 14 23:25:48 pico-qcd kernel: intel-ipu6 intel-ipu60: csi2-2 error: DPHY non-recoverable synchronization error
Sep 14 23:25:48 pico-qcd kernel: intel-ipu6 intel-ipu60: trace csi 2 error snapshot: rx enable=0x1 lanes=2 config=0x3 status=0x1 hs=0x301 lp=0x0 ctermen=0 csettle=684 d0termen=0 d0settle=661 d1termen=0 d1settle=661 receiver_errors=0x8400
Sep 14 23:25:48 pico-qcd kernel: intel-ipu6 intel-ipu60: csi2-2 error: DPHY non-recoverable synchronization error
Sep 14 23:25:48 pico-qcd kernel: intel-ipu6 intel-ipu60: trace csi 2 error snapshot: rx enable=0x1 lanes=2 config=0x3 status=0x1 hs=0x301 lp=0x0 ctermen=0 csettle=684 d0termen=0 d0settle=661 d1termen=0 d1settle=661 receiver_errors=0x8400
Sep 14 23:25:48 pico-qcd kernel: intel-ipu6 intel-ipu60: trace csi 2 error snapshot: rx enable=0x1 lanes=2 config=0x3 status=0x1 hs=0x301 lp=0x0 ctermen=0 csettle=684 d0termen=0 d0settle=661 d1termen=0 d1settle=661 receiver_errors=0x8400
Sep 14 23:25:48 pico-qcd kernel: intel-ipu6 intel-ipu60: no frames from ov5693 1-0036 after start; bouncing sensor (retry 2)
Sep 14 23:25:48 pico-qcd kernel: intel-ipu6 intel-ipu60: trace csi 2 error snapshot: rx enable=0x1 lanes=2 config=0x3 status=0x1 hs=0x301 lp=0x0 ctermen=0 csettle=684 d0termen=0 d0settle=661 d1termen=0 d1settle=661 receiver_errors=0x8401
Sep 14 23:25:49 pico-qcd kernel: intel-ipu6 intel-ipu60: trace csi 2 error snapshot: rx enable=0x1 lanes=2 config=0x3 status=0x1 hs=0x301 lp=0x0 ctermen=0 csettle=684 d0termen=0 d0settle=661 d1termen=0 d1settle=661 receiver_errors=0x8481
Sep 14 23:25:49 pico-qcd kernel: intel-ipu6 intel-ipu60: trace csi 2 error snapshot: rx enable=0x1 lanes=2 config=0x3 status=0x1 hs=0x301 lp=0x0 ctermen=0 csettle=684 d0termen=0 d0settle=661 d1termen=0 d1settle=661 receiver_errors=0x481
Sep 14 23:25:49 pico-qcd kernel: intel-ipu6 intel-ipu60: trace csi 2 error snapshot: rx enable=0x1 lanes=2 config=0x3 status=0x1 hs=0x301 lp=0x0 ctermen=0 csettle=684 d0termen=0 d0settle=661 d1termen=0 d1settle=661 receiver_errors=0x8481
Sep 14 23:25:49 pico-qcd kernel: intel-ipu6 intel-ipu60: trace csi 2 error snapshot: rx enable=0x1 lanes=2 config=0x3 status=0x0 hs=0x301 lp=0x0 ctermen=0 csettle=684 d0termen=0 d0settle=661 d1termen=0 d1settle=661 receiver_errors=0x8401
Sep 14 23:25:49 pico-qcd kernel: intel-ipu6 intel-ipu60: no frames from ov5693 1-0036 after start; bouncing sensor (retry 3)
Sep 14 23:25:49 pico-qcd kernel: intel-ipu6 intel-ipu60: trace csi 2 error snapshot: rx enable=0x1 lanes=2 config=0x3 status=0x0 hs=0x301 lp=0x0 ctermen=0 csettle=684 d0termen=0 d0settle=661 d1termen=0 d1settle=661 receiver_errors=0x8481
Sep 14 23:25:49 pico-qcd kernel: intel-ipu6 intel-ipu60: trace csi 2 error snapshot: rx enable=0x1 lanes=2 config=0x3 status=0x1 hs=0x301 lp=0x0 ctermen=0 csettle=684 d0termen=0 d0settle=661 d1termen=0 d1settle=661 receiver_errors=0x8480
Sep 14 23:25:49 pico-qcd kernel: intel-ipu6 intel-ipu60: trace csi 2 error snapshot: rx enable=0x1 lanes=2 config=0x3 status=0x0 hs=0x301 lp=0x0 ctermen=0 csettle=684 d0termen=0 d0settle=661 d1termen=0 d1settle=661 receiver_errors=0x8400
Sep 14 23:25:49 pico-qcd kernel: intel-ipu6 intel-ipu60: trace csi 2 error snapshot: rx enable=0x1 lanes=2 config=0x3 status=0x1 hs=0x301 lp=0x0 ctermen=0 csettle=684 d0termen=0 d0settle=661 d1termen=0 d1settle=661 receiver_errors=0x8400
Sep 14 23:25:49 pico-qcd kernel: intel-ipu6 intel-ipu60: trace csi 2 error snapshot: rx enable=0x1 lanes=2 config=0x3 status=0x1 hs=0x301 lp=0x0 ctermen=0 csettle=684 d0termen=0 d0settle=661 d1termen=0 d1settle=661 receiver_errors=0x8480
Sep 14 23:25:50 pico-qcd kernel: intel-ipu6 intel-ipu60: no frames from ov5693 1-0036 after start; bouncing sensor (retry 4)
Sep 14 23:25:50 pico-qcd kernel: intel-ipu6 intel-ipu60: trace csi 2 error snapshot: rx enable=0x1 lanes=2 config=0x3 status=0x1 hs=0x301 lp=0x0 ctermen=0 csettle=684 d0termen=0 d0settle=661 d1termen=0 d1settle=661 receiver_errors=0x8481
Sep 14 23:25:50 pico-qcd kernel: intel-ipu6 intel-ipu60: trace csi 2 error snapshot: rx enable=0x1 lanes=2 config=0x3 status=0x1 hs=0x301 lp=0x0 ctermen=0 csettle=684 d0termen=0 d0settle=661 d1termen=0 d1settle=661 receiver_errors=0x481
Sep 14 23:25:50 pico-qcd kernel: intel-ipu6 intel-ipu60: trace csi 2 error snapshot: rx enable=0x1 lanes=2 config=0x3 status=0x0 hs=0x301 lp=0x0 ctermen=0 csettle=684 d0termen=0 d0settle=661 d1termen=0 d1settle=661 receiver_errors=0x8401
Sep 14 23:25:50 pico-qcd kernel: intel-ipu6 intel-ipu60: trace csi 2 error snapshot: rx enable=0x1 lanes=2 config=0x3 status=0x1 hs=0x301 lp=0x0 ctermen=0 csettle=684 d0termen=0 d0settle=661 d1termen=0 d1settle=661 receiver_errors=0x481
Sep 14 23:25:50 pico-qcd kernel: intel-ipu6 intel-ipu60: trace csi 2 error snapshot: rx enable=0x1 lanes=2 config=0x3 status=0x1 hs=0x301 lp=0x0 ctermen=0 csettle=684 d0termen=0 d0settle=661 d1termen=0 d1settle=661 receiver_errors=0x8401
Sep 14 23:25:50 pico-qcd kernel: intel-ipu6 intel-ipu60: no frames from ov5693 1-0036 after start; bouncing sensor (retry 5)
Sep 14 23:25:50 pico-qcd kernel: intel-ipu6 intel-ipu60: trace csi 2 error snapshot: rx enable=0x1 lanes=2 config=0x3 status=0x0 hs=0x301 lp=0x0 ctermen=0 csettle=684 d0termen=0 d0settle=661 d1termen=0 d1settle=661 receiver_errors=0x8481
Sep 14 23:25:51 pico-qcd kernel: intel-ipu6 intel-ipu60: trace csi 2 error snapshot: rx enable=0x1 lanes=2 config=0x3 status=0x0 hs=0x301 lp=0x0 ctermen=0 csettle=684 d0termen=0 d0settle=661 d1termen=0 d1settle=661 receiver_errors=0x8401
Sep 14 23:25:51 pico-qcd kernel: intel-ipu6 intel-ipu60: trace csi 2 error snapshot: rx enable=0x1 lanes=2 config=0x3 status=0x1 hs=0x301 lp=0x0 ctermen=0 csettle=684 d0termen=0 d0settle=661 d1termen=0 d1settle=661 receiver_errors=0x8401
Sep 14 23:25:51 pico-qcd kernel: intel-ipu6 intel-ipu60: trace csi 2 error snapshot: rx enable=0x1 lanes=2 config=0x3 status=0x1 hs=0x301 lp=0x0 ctermen=0 csettle=684 d0termen=0 d0settle=661 d1termen=0 d1settle=661 receiver_errors=0x481
Sep 14 23:25:51 pico-qcd kernel: intel-ipu6 intel-ipu60: trace csi 2 error snapshot: rx enable=0x1 lanes=2 config=0x3 status=0x0 hs=0x301 lp=0x0 ctermen=0 csettle=684 d0termen=0 d0settle=661 d1termen=0 d1settle=661 receiver_errors=0x481
Sep 14 23:25:51 pico-qcd kernel: intel-ipu6 intel-ipu60: no frames from ov5693 1-0036 after start; bouncing sensor (retry 6)
Sep 14 23:25:51 pico-qcd kernel: intel-ipu6 intel-ipu60: trace csi 2 error snapshot: rx enable=0x1 lanes=2 config=0x3 status=0x1 hs=0x301 lp=0x0 ctermen=0 csettle=684 d0termen=0 d0settle=661 d1termen=0 d1settle=661 receiver_errors=0x8483
Sep 14 23:25:51 pico-qcd kernel: intel-ipu6 intel-ipu60: trace csi 2 error snapshot: rx enable=0x1 lanes=2 config=0x3 status=0x1 hs=0x301 lp=0x0 ctermen=0 csettle=684 d0termen=0 d0settle=661 d1termen=0 d1settle=661 receiver_errors=0x8480
Sep 14 23:25:51 pico-qcd kernel: intel-ipu6 intel-ipu60: trace csi 2 error snapshot: rx enable=0x1 lanes=2 config=0x3 status=0x1 hs=0x301 lp=0x0 ctermen=0 csettle=684 d0termen=0 d0settle=661 d1termen=0 d1settle=661 receiver_errors=0x8400
Sep 14 23:25:51 pico-qcd kernel: intel-ipu6 intel-ipu60: trace csi 2 error snapshot: rx enable=0x1 lanes=2 config=0x3 status=0x1 hs=0x301 lp=0x0 ctermen=0 csettle=684 d0termen=0 d0settle=661 d1termen=0 d1settle=661 receiver_errors=0x8400
Sep 14 23:25:51 pico-qcd kernel: intel-ipu6 intel-ipu60: trace csi 2 error snapshot: rx enable=0x1 lanes=2 config=0x3 status=0x1 hs=0x301 lp=0x0 ctermen=0 csettle=684 d0termen=0 d0settle=661 d1termen=0 d1settle=661 receiver_errors=0x8401
Sep 14 23:25:52 pico-qcd kernel: intel-ipu6 intel-ipu60: no frames from ov5693 1-0036 after start; bouncing sensor (retry 7)
Sep 14 23:25:52 pico-qcd kernel: intel-ipu6 intel-ipu60: trace csi 2 error snapshot: rx enable=0x1 lanes=2 config=0x3 status=0x1 hs=0x301 lp=0x0 ctermen=0 csettle=684 d0termen=0 d0settle=661 d1termen=0 d1settle=661 receiver_errors=0x8401
Sep 14 23:25:52 pico-qcd kernel: intel-ipu6 intel-ipu60: trace csi 2 error snapshot: rx enable=0x1 lanes=2 config=0x3 status=0x1 hs=0x301 lp=0x0 ctermen=0 csettle=684 d0termen=0 d0settle=661 d1termen=0 d1settle=661 receiver_errors=0x8401
Sep 14 23:25:52 pico-qcd kernel: intel-ipu6 intel-ipu60: trace csi 2 error snapshot: rx enable=0x1 lanes=2 config=0x3 status=0x1 hs=0x301 lp=0x0 ctermen=0 csettle=684 d0termen=0 d0settle=661 d1termen=0 d1settle=661 receiver_errors=0x8401
Sep 14 23:25:52 pico-qcd kernel: intel-ipu6 intel-ipu60: trace csi 2 error snapshot: rx enable=0x1 lanes=2 config=0x3 status=0x1 hs=0x301 lp=0x0 ctermen=0 csettle=684 d0termen=0 d0settle=661 d1termen=0 d1settle=661 receiver_errors=0x8400
Sep 14 23:25:52 pico-qcd kernel: intel-ipu6 intel-ipu60: trace csi 2 error snapshot: rx enable=0x1 lanes=2 config=0x3 status=0x1 hs=0x301 lp=0x0 ctermen=0 csettle=684 d0termen=0 d0settle=661 d1termen=0 d1settle=661 receiver_errors=0x8400
Sep 14 23:25:52 pico-qcd kernel: intel-ipu6 intel-ipu60: no frames from ov5693 1-0036 after start; bouncing sensor (retry 8)
Sep 14 23:25:52 pico-qcd kernel: intel-ipu6 intel-ipu60: trace csi 2 error snapshot: rx enable=0x1 lanes=2 config=0x3 status=0x1 hs=0x301 lp=0x0 ctermen=0 csettle=684 d0termen=0 d0settle=661 d1termen=0 d1settle=661 receiver_errors=0x8483
Sep 14 23:25:52 pico-qcd kernel: ipu_isys_csi2_error: 46 callbacks suppressed
Sep 14 23:25:52 pico-qcd kernel: intel-ipu6 intel-ipu60: csi2-2 error: Frame sync error
Sep 14 23:25:52 pico-qcd kernel: intel-ipu6 intel-ipu60: csi2-2 error: DPHY non-recoverable synchronization error
Sep 14 23:25:53 pico-qcd kernel: intel-ipu6 intel-ipu60: trace csi 2 error snapshot: rx enable=0x1 lanes=2 config=0x3 status=0x0 hs=0x301 lp=0x0 ctermen=0 csettle=684 d0termen=0 d0settle=661 d1termen=0 d1settle=661 receiver_errors=0x8487
Sep 14 23:25:53 pico-qcd kernel: intel-ipu6 intel-ipu60: csi2-2 error: Frame sync error
Sep 14 23:25:53 pico-qcd kernel: intel-ipu6 intel-ipu60: csi2-2 error: DPHY non-recoverable synchronization error
Sep 14 23:25:53 pico-qcd kernel: intel-ipu6 intel-ipu60: trace csi 2 error snapshot: rx enable=0x1 lanes=2 config=0x3 status=0x0 hs=0x301 lp=0x0 ctermen=0 csettle=684 d0termen=0 d0settle=661 d1termen=0 d1settle=661 receiver_errors=0x481
Sep 14 23:25:53 pico-qcd kernel: intel-ipu6 intel-ipu60: csi2-2 error: Frame sync error
Sep 14 23:25:53 pico-qcd kernel: intel-ipu6 intel-ipu60: csi2-2 error: DPHY non-recoverable synchronization error
Sep 14 23:25:53 pico-qcd kernel: intel-ipu6 intel-ipu60: trace csi 2 error snapshot: rx enable=0x1 lanes=2 config=0x3 status=0x0 hs=0x301 lp=0x0 ctermen=0 csettle=684 d0termen=0 d0settle=661 d1termen=0 d1settle=661 receiver_errors=0x481
Sep 14 23:25:53 pico-qcd kernel: intel-ipu6 intel-ipu60: csi2-2 error: Frame sync error
Sep 14 23:25:53 pico-qcd kernel: intel-ipu6 intel-ipu60: csi2-2 error: DPHY non-recoverable synchronization error
Sep 14 23:25:53 pico-qcd kernel: intel-ipu6 intel-ipu60: trace csi 2 error snapshot: rx enable=0x1 lanes=2 config=0x3 status=0x0 hs=0x301 lp=0x0 ctermen=0 csettle=684 d0termen=0 d0settle=661 d1termen=0 d1settle=661 receiver_errors=0x481
Sep 14 23:25:53 pico-qcd kernel: intel-ipu6 intel-ipu60: csi2-2 error: Frame sync error
Sep 14 23:25:53 pico-qcd kernel: intel-ipu6 intel-ipu60: csi2-2 error: DPHY non-recoverable synchronization error
Sep 14 23:25:53 pico-qcd kernel: intel-ipu6 intel-ipu60: no frames from ov5693 1-0036 after start; bouncing sensor (retry 9)
Sep 14 23:25:53 pico-qcd kernel: intel-ipu6 intel-ipu60: trace csi 2 error snapshot: rx enable=0x1 lanes=2 config=0x3 status=0x0 hs=0x301 lp=0x0 ctermen=0 csettle=684 d0termen=0 d0settle=661 d1termen=0 d1settle=661 receiver_errors=0x8403
Sep 14 23:25:53 pico-qcd kernel: intel-ipu6 intel-ipu60: trace csi 2 error snapshot: rx enable=0x1 lanes=2 config=0x3 status=0x0 hs=0x301 lp=0x0 ctermen=0 csettle=684 d0termen=0 d0settle=661 d1termen=0 d1settle=661 receiver_errors=0x8603
Sep 14 23:25:53 pico-qcd kernel: intel-ipu6 intel-ipu60: trace csi 2 error snapshot: rx enable=0x1 lanes=2 config=0x3 status=0x0 hs=0x301 lp=0x0 ctermen=0 csettle=684 d0termen=0 d0settle=661 d1termen=0 d1settle=661 receiver_errors=0x683
Sep 14 23:25:53 pico-qcd kernel: intel-ipu6 intel-ipu60: trace csi 2 error snapshot: rx enable=0x1 lanes=2 config=0x3 status=0x0 hs=0x301 lp=0x0 ctermen=0 csettle=684 d0termen=0 d0settle=661 d1termen=0 d1settle=661 receiver_errors=0x8601
Sep 14 23:25:53 pico-qcd kernel: intel-ipu6 intel-ipu60: trace csi 2 error snapshot: rx enable=0x1 lanes=2 config=0x3 status=0x0 hs=0x301 lp=0x0 ctermen=0 csettle=684 d0termen=0 d0settle=661 d1termen=0 d1settle=661 receiver_errors=0x681
Sep 14 23:25:54 pico-qcd kernel: intel-ipu6 intel-ipu60: no frames from ov5693 1-0036 after start; bouncing sensor (retry 10)
Sep 14 23:25:54 pico-qcd kernel: intel-ipu6 intel-ipu60: trace csi 2 error snapshot: rx enable=0x1 lanes=2 config=0x3 status=0x1 hs=0x301 lp=0x0 ctermen=0 csettle=684 d0termen=0 d0settle=661 d1termen=0 d1settle=661 receiver_errors=0x8603
Sep 14 23:25:54 pico-qcd kernel: intel-ipu6 intel-ipu60: trace csi 2 error snapshot: rx enable=0x1 lanes=2 config=0x3 status=0x0 hs=0x301 lp=0x0 ctermen=0 csettle=684 d0termen=0 d0settle=661 d1termen=0 d1settle=661 receiver_errors=0x8480
Sep 14 23:25:54 pico-qcd kernel: intel-ipu6 intel-ipu60: trace csi 2 error snapshot: rx enable=0x1 lanes=2 config=0x3 status=0x0 hs=0x301 lp=0x0 ctermen=0 csettle=684 d0termen=0 d0settle=661 d1termen=0 d1settle=661 receiver_errors=0x8401
Sep 14 23:25:54 pico-qcd kernel: intel-ipu6 intel-ipu60: trace csi 2 error snapshot: rx enable=0x1 lanes=2 config=0x3 status=0x0 hs=0x301 lp=0x0 ctermen=0 csettle=684 d0termen=0 d0settle=661 d1termen=0 d1settle=661 receiver_errors=0x8400
Sep 14 23:25:54 pico-qcd kernel: intel-ipu6 intel-ipu60: trace csi 2 error snapshot: rx enable=0x1 lanes=2 config=0x3 status=0x1 hs=0x301 lp=0x0 ctermen=0 csettle=684 d0termen=0 d0settle=661 d1termen=0 d1settle=661 receiver_errors=0x8401
Sep 14 23:25:54 pico-qcd kernel: intel-ipu6 intel-ipu60: no frames from ov5693 1-0036 after start; bouncing sensor (retry 11)
Sep 14 23:25:54 pico-qcd kernel: intel-ipu6 intel-ipu60: trace csi 2 error snapshot: rx enable=0x1 lanes=2 config=0x3 status=0x1 hs=0x301 lp=0x0 ctermen=0 csettle=684 d0termen=0 d0settle=661 d1termen=0 d1settle=661 receiver_errors=0x8481
Sep 14 23:25:55 pico-qcd kernel: intel-ipu6 intel-ipu60: trace csi 2 error snapshot: rx enable=0x1 lanes=2 config=0x3 status=0x1 hs=0x301 lp=0x0 ctermen=0 csettle=684 d0termen=0 d0settle=661 d1termen=0 d1settle=661 receiver_errors=0x8401
Sep 14 23:25:55 pico-qcd kernel: intel-ipu6 intel-ipu60: trace csi 2 error snapshot: rx enable=0x1 lanes=2 config=0x3 status=0x1 hs=0x301 lp=0x0 ctermen=0 csettle=684 d0termen=0 d0settle=661 d1termen=0 d1settle=661 receiver_errors=0x8481
Sep 14 23:25:55 pico-qcd kernel: intel-ipu6 intel-ipu60: trace csi 2 error snapshot: rx enable=0x1 lanes=2 config=0x3 status=0x0 hs=0x301 lp=0x0 ctermen=0 csettle=684 d0termen=0 d0settle=661 d1termen=0 d1settle=661 receiver_errors=0x481
Sep 14 23:25:55 pico-qcd kernel: intel-ipu6 intel-ipu60: trace csi 2 error snapshot: rx enable=0x1 lanes=2 config=0x3 status=0x1 hs=0x301 lp=0x0 ctermen=0 csettle=684 d0termen=0 d0settle=661 d1termen=0 d1settle=661 receiver_errors=0x8401
Sep 14 23:25:55 pico-qcd kernel: intel-ipu6 intel-ipu60: no frames from ov5693 1-0036 after start; bouncing sensor (retry 12)
Sep 14 23:25:55 pico-qcd kernel: intel-ipu6 intel-ipu60: trace csi 2 error snapshot: rx enable=0x1 lanes=2 config=0x3 status=0x1 hs=0x301 lp=0x0 ctermen=0 csettle=684 d0termen=0 d0settle=661 d1termen=0 d1settle=661 receiver_errors=0x8481
Sep 14 23:25:55 pico-qcd kernel: intel-ipu6 intel-ipu60: trace csi 2 error snapshot: rx enable=0x1 lanes=2 config=0x3 status=0x1 hs=0x301 lp=0x0 ctermen=0 csettle=684 d0termen=0 d0settle=661 d1termen=0 d1settle=661 receiver_errors=0x8485
Sep 14 23:25:55 pico-qcd kernel: intel-ipu6 intel-ipu60: trace csi 2 error snapshot: rx enable=0x1 lanes=2 config=0x3 status=0x0 hs=0x301 lp=0x0 ctermen=0 csettle=684 d0termen=0 d0settle=661 d1termen=0 d1settle=661 receiver_errors=0x8401
Sep 14 23:25:55 pico-qcd kernel: intel-ipu6 intel-ipu60: trace csi 2 error snapshot: rx enable=0x1 lanes=2 config=0x3 status=0x0 hs=0x301 lp=0x0 ctermen=0 csettle=684 d0termen=0 d0settle=661 d1termen=0 d1settle=661 receiver_errors=0x8401
Sep 14 23:25:55 pico-qcd kernel: intel-ipu6 intel-ipu60: trace csi 2 error snapshot: rx enable=0x1 lanes=2 config=0x3 status=0x0 hs=0x301 lp=0x0 ctermen=0 csettle=684 d0termen=0 d0settle=661 d1termen=0 d1settle=661 receiver_errors=0x8401
Sep 14 23:25:56 pico-qcd kernel: intel-ipu6 intel-ipu60: no frames from ov5693 1-0036 after start; bouncing sensor (retry 13)
Sep 14 23:25:56 pico-qcd kernel: intel-ipu6 intel-ipu60: trace csi 2 error snapshot: rx enable=0x1 lanes=2 config=0x3 status=0x1 hs=0x301 lp=0x0 ctermen=0 csettle=684 d0termen=0 d0settle=661 d1termen=0 d1settle=661 receiver_errors=0x8481
Sep 14 23:25:56 pico-qcd kernel: intel-ipu6 intel-ipu60: trace csi 2 error snapshot: rx enable=0x1 lanes=2 config=0x3 status=0x0 hs=0x301 lp=0x0 ctermen=0 csettle=684 d0termen=0 d0settle=661 d1termen=0 d1settle=661 receiver_errors=0x8483
Sep 14 23:25:56 pico-qcd kernel: intel-ipu6 intel-ipu60: trace csi 2 error snapshot: rx enable=0x1 lanes=2 config=0x3 status=0x0 hs=0x301 lp=0x0 ctermen=0 csettle=684 d0termen=0 d0settle=661 d1termen=0 d1settle=661 receiver_errors=0x8401
Sep 14 23:25:56 pico-qcd kernel: intel-ipu6 intel-ipu60: trace csi 2 error snapshot: rx enable=0x1 lanes=2 config=0x3 status=0x0 hs=0x301 lp=0x0 ctermen=0 csettle=684 d0termen=0 d0settle=661 d1termen=0 d1settle=661 receiver_errors=0x8483
Sep 14 23:25:56 pico-qcd kernel: intel-ipu6 intel-ipu60: trace csi 2 error snapshot: rx enable=0x1 lanes=2 config=0x3 status=0x0 hs=0x301 lp=0x0 ctermen=0 csettle=684 d0termen=0 d0settle=661 d1termen=0 d1settle=661 receiver_errors=0x483
Sep 14 23:25:56 pico-qcd kernel: intel-ipu6 intel-ipu60: no frames from ov5693 1-0036 after start; bouncing sensor (retry 14)
Sep 14 23:25:56 pico-qcd kernel: intel-ipu6 intel-ipu60: trace csi 2 error snapshot: rx enable=0x1 lanes=2 config=0x3 status=0x0 hs=0x301 lp=0x0 ctermen=0 csettle=684 d0termen=0 d0settle=661 d1termen=0 d1settle=661 receiver_errors=0x8481
Sep 14 23:25:57 pico-qcd kernel: intel-ipu6 intel-ipu60: trace csi 2 error snapshot: rx enable=0x1 lanes=2 config=0x3 status=0x1 hs=0x301 lp=0x0 ctermen=0 csettle=684 d0termen=0 d0settle=661 d1termen=0 d1settle=661 receiver_errors=0x8683
Sep 14 23:25:57 pico-qcd kernel: intel-ipu6 intel-ipu60: trace csi 2 error snapshot: rx enable=0x1 lanes=2 config=0x3 status=0x0 hs=0x301 lp=0x0 ctermen=0 csettle=684 d0termen=0 d0settle=661 d1termen=0 d1settle=661 receiver_errors=0x8603
Sep 14 23:25:57 pico-qcd kernel: intel-ipu6 intel-ipu60: trace csi 2 error snapshot: rx enable=0x1 lanes=2 config=0x3 status=0x1 hs=0x301 lp=0x0 ctermen=0 csettle=684 d0termen=0 d0settle=661 d1termen=0 d1settle=661 receiver_errors=0x683
Sep 14 23:25:57 pico-qcd kernel: intel-ipu6 intel-ipu60: trace csi 2 error snapshot: rx enable=0x1 lanes=2 config=0x3 status=0x0 hs=0x301 lp=0x0 ctermen=0 csettle=684 d0termen=0 d0settle=661 d1termen=0 d1settle=661 receiver_errors=0x681
Sep 14 23:25:57 pico-qcd kernel: intel-ipu6 intel-ipu60: no frames from ov5693 1-0036 after start; bouncing sensor (retry 15)
Sep 14 23:25:57 pico-qcd kernel: intel-ipu6 intel-ipu60: trace csi 2 error snapshot: rx enable=0x1 lanes=2 config=0x3 status=0x0 hs=0x301 lp=0x0 ctermen=0 csettle=684 d0termen=0 d0settle=661 d1termen=0 d1settle=661 receiver_errors=0x8683
Sep 14 23:25:57 pico-qcd kernel: intel-ipu6 intel-ipu60: trace csi 2 error snapshot: rx enable=0x1 lanes=2 config=0x3 status=0x0 hs=0x301 lp=0x0 ctermen=0 csettle=684 d0termen=0 d0settle=661 d1termen=0 d1settle=661 receiver_errors=0x8683
Sep 14 23:25:57 pico-qcd kernel: intel-ipu6 intel-ipu60: trace csi 2 error snapshot: rx enable=0x1 lanes=2 config=0x3 status=0x1 hs=0x301 lp=0x0 ctermen=0 csettle=684 d0termen=0 d0settle=661 d1termen=0 d1settle=661 receiver_errors=0x8681
Sep 14 23:25:57 pico-qcd kernel: intel-ipu6 intel-ipu60: trace csi 2 error snapshot: rx enable=0x1 lanes=2 config=0x3 status=0x1 hs=0x301 lp=0x0 ctermen=0 csettle=684 d0termen=0 d0settle=661 d1termen=0 d1settle=661 receiver_errors=0x8401
Sep 14 23:25:57 pico-qcd kernel: intel-ipu6 intel-ipu60: trace csi 2 error snapshot: rx enable=0x1 lanes=2 config=0x3 status=0x1 hs=0x301 lp=0x0 ctermen=0 csettle=684 d0termen=0 d0settle=661 d1termen=0 d1settle=661 receiver_errors=0x481
Sep 14 23:25:58 pico-qcd kernel: intel-ipu6 intel-ipu60: no frames from ov5693 1-0036 after start; bouncing sensor (retry 16)
Sep 14 23:25:58 pico-qcd kernel: intel-ipu6 intel-ipu60: trace csi 2 error snapshot: rx enable=0x1 lanes=2 config=0x3 status=0x1 hs=0x301 lp=0x0 ctermen=0 csettle=684 d0termen=0 d0settle=661 d1termen=0 d1settle=661 receiver_errors=0x8681
Sep 14 23:25:58 pico-qcd kernel: ipu_isys_csi2_error: 55 callbacks suppressed
Sep 14 23:25:58 pico-qcd kernel: intel-ipu6 intel-ipu60: csi2-2 error: Frame sync error
Sep 14 23:25:58 pico-qcd kernel: intel-ipu6 intel-ipu60: csi2-2 error: DPHY non-recoverable synchronization error
Sep 14 23:25:58 pico-qcd kernel: intel-ipu6 intel-ipu60: trace csi 2 error snapshot: rx enable=0x1 lanes=2 config=0x3 status=0x1 hs=0x301 lp=0x0 ctermen=0 csettle=684 d0termen=0 d0settle=661 d1termen=0 d1settle=661 receiver_errors=0x8605
Sep 14 23:25:58 pico-qcd kernel: intel-ipu6 intel-ipu60: csi2-2 error: DPHY non-recoverable synchronization error
Sep 14 23:25:58 pico-qcd kernel: intel-ipu6 intel-ipu60: trace csi 2 error snapshot: rx enable=0x1 lanes=2 config=0x3 status=0x0 hs=0x301 lp=0x0 ctermen=0 csettle=684 d0termen=0 d0settle=661 d1termen=0 d1settle=661 receiver_errors=0x681
Sep 14 23:25:58 pico-qcd kernel: intel-ipu6 intel-ipu60: csi2-2 error: Frame sync error
Sep 14 23:25:58 pico-qcd kernel: intel-ipu6 intel-ipu60: csi2-2 error: DPHY non-recoverable synchronization error
Sep 14 23:25:58 pico-qcd kernel: intel-ipu6 intel-ipu60: trace csi 2 error snapshot: rx enable=0x1 lanes=2 config=0x3 status=0x1 hs=0x301 lp=0x0 ctermen=0 csettle=684 d0termen=0 d0settle=661 d1termen=0 d1settle=661 receiver_errors=0x683
Sep 14 23:25:58 pico-qcd kernel: intel-ipu6 intel-ipu60: csi2-2 error: Frame sync error
Sep 14 23:25:58 pico-qcd kernel: intel-ipu6 intel-ipu60: csi2-2 error: DPHY non-recoverable synchronization error
Sep 14 23:25:58 pico-qcd kernel: intel-ipu6 intel-ipu60: trace csi 2 error snapshot: rx enable=0x1 lanes=2 config=0x3 status=0x0 hs=0x301 lp=0x0 ctermen=0 csettle=684 d0termen=0 d0settle=661 d1termen=0 d1settle=661 receiver_errors=0x681
Sep 14 23:25:58 pico-qcd kernel: intel-ipu6 intel-ipu60: csi2-2 error: Frame sync error
Sep 14 23:25:58 pico-qcd kernel: intel-ipu6 intel-ipu60: csi2-2 error: DPHY non-recoverable synchronization error
Sep 14 23:25:58 pico-qcd kernel: intel-ipu6 intel-ipu60: no frames from ov5693 1-0036 after start; bouncing sensor (retry 17)
Sep 14 23:25:58 pico-qcd kernel: intel-ipu6 intel-ipu60: trace csi 2 error snapshot: rx enable=0x1 lanes=2 config=0x3 status=0x1 hs=0x301 lp=0x0 ctermen=0 csettle=684 d0termen=0 d0settle=661 d1termen=0 d1settle=661 receiver_errors=0x8681
Sep 14 23:25:58 pico-qcd kernel: intel-ipu6 intel-ipu60: csi2-2 error: Frame sync error
Sep 14 23:25:58 pico-qcd kernel: intel-ipu6 intel-ipu60: trace csi 2 error snapshot: rx enable=0x1 lanes=2 config=0x3 status=0x1 hs=0x301 lp=0x0 ctermen=0 csettle=684 d0termen=0 d0settle=661 d1termen=0 d1settle=661 receiver_errors=0x8681
Sep 14 23:25:58 pico-qcd kernel: intel-ipu6 intel-ipu60: trace csi 2 error snapshot: rx enable=0x1 lanes=2 config=0x3 status=0x1 hs=0x301 lp=0x0 ctermen=0 csettle=684 d0termen=0 d0settle=661 d1termen=0 d1settle=661 receiver_errors=0x681
Sep 14 23:25:59 pico-qcd kernel: intel-ipu6 intel-ipu60: trace csi 2 error snapshot: rx enable=0x1 lanes=2 config=0x3 status=0x0 hs=0x301 lp=0x0 ctermen=0 csettle=684 d0termen=0 d0settle=661 d1termen=0 d1settle=661 receiver_errors=0x8400
Sep 14 23:25:59 pico-qcd kernel: intel-ipu6 intel-ipu60: trace csi 2 error snapshot: rx enable=0x1 lanes=2 config=0x3 status=0x0 hs=0x301 lp=0x0 ctermen=0 csettle=684 d0termen=0 d0settle=661 d1termen=0 d1settle=661 receiver_errors=0x8400
Sep 14 23:25:59 pico-qcd kernel: intel-ipu6 intel-ipu60: no frames from ov5693 1-0036 after start; bouncing sensor (retry 18)
Sep 14 23:25:59 pico-qcd kernel: intel-ipu6 intel-ipu60: trace csi 2 error snapshot: rx enable=0x1 lanes=2 config=0x3 status=0x0 hs=0x301 lp=0x0 ctermen=0 csettle=684 d0termen=0 d0settle=661 d1termen=0 d1settle=661 receiver_errors=0x8483
Sep 14 23:25:59 pico-qcd kernel: intel-ipu6 intel-ipu60: trace csi 2 error snapshot: rx enable=0x1 lanes=2 config=0x3 status=0x1 hs=0x301 lp=0x0 ctermen=0 csettle=684 d0termen=0 d0settle=661 d1termen=0 d1settle=661 receiver_errors=0x8484
Sep 14 23:25:59 pico-qcd kernel: intel-ipu6 intel-ipu60: trace csi 2 error snapshot: rx enable=0x1 lanes=2 config=0x3 status=0x1 hs=0x301 lp=0x0 ctermen=0 csettle=684 d0termen=0 d0settle=661 d1termen=0 d1settle=661 receiver_errors=0x8400
Sep 14 23:25:59 pico-qcd kernel: intel-ipu6 intel-ipu60: trace csi 2 error snapshot: rx enable=0x1 lanes=2 config=0x3 status=0x0 hs=0x301 lp=0x0 ctermen=0 csettle=684 d0termen=0 d0settle=661 d1termen=0 d1settle=661 receiver_errors=0x8400
Sep 14 23:25:59 pico-qcd kernel: intel-ipu6 intel-ipu60: trace csi 2 error snapshot: rx enable=0x1 lanes=2 config=0x3 status=0x1 hs=0x301 lp=0x0 ctermen=0 csettle=684 d0termen=0 d0settle=661 d1termen=0 d1settle=661 receiver_errors=0x8400
Sep 14 23:26:00 pico-qcd kernel: intel-ipu6 intel-ipu60: no frames from ov5693 1-0036 after start; bouncing sensor (retry 19)
Sep 14 23:26:00 pico-qcd kernel: intel-ipu6 intel-ipu60: trace csi 2 error snapshot: rx enable=0x1 lanes=2 config=0x3 status=0x1 hs=0x301 lp=0x0 ctermen=0 csettle=684 d0termen=0 d0settle=661 d1termen=0 d1settle=661 receiver_errors=0x8481
Sep 14 23:26:00 pico-qcd kernel: intel-ipu6 intel-ipu60: trace csi 2 error snapshot: rx enable=0x1 lanes=2 config=0x3 status=0x1 hs=0x301 lp=0x0 ctermen=0 csettle=684 d0termen=0 d0settle=661 d1termen=0 d1settle=661 receiver_errors=0x8683
Sep 14 23:26:00 pico-qcd kernel: intel-ipu6 intel-ipu60: trace csi 2 error snapshot: rx enable=0x1 lanes=2 config=0x3 status=0x0 hs=0x301 lp=0x0 ctermen=0 csettle=684 d0termen=0 d0settle=661 d1termen=0 d1settle=661 receiver_errors=0x680
Sep 14 23:26:00 pico-qcd kernel: intel-ipu6 intel-ipu60: trace csi 2 error snapshot: rx enable=0x1 lanes=2 config=0x3 status=0x1 hs=0x301 lp=0x0 ctermen=0 csettle=684 d0termen=0 d0settle=661 d1termen=0 d1settle=661 receiver_errors=0x681
Sep 14 23:26:00 pico-qcd kernel: intel-ipu6 intel-ipu60: trace csi 2 error snapshot: rx enable=0x1 lanes=2 config=0x3 status=0x1 hs=0x301 lp=0x0 ctermen=0 csettle=684 d0termen=0 d0settle=661 d1termen=0 d1settle=661 receiver_errors=0x683
Sep 14 23:26:00 pico-qcd kernel: intel-ipu6 intel-ipu60: no frames from ov5693 1-0036 after start; bouncing sensor (retry 20)
Sep 14 23:26:00 pico-qcd kernel: intel-ipu6 intel-ipu60: trace csi 2 error snapshot: rx enable=0x1 lanes=2 config=0x3 status=0x0 hs=0x301 lp=0x0 ctermen=0 csettle=684 d0termen=0 d0settle=661 d1termen=0 d1settle=661 receiver_errors=0x8681
Sep 14 23:26:00 pico-qcd kernel: intel-ipu6 intel-ipu60: trace csi 2 error snapshot: rx enable=0x1 lanes=2 config=0x3 status=0x1 hs=0x301 lp=0x0 ctermen=0 csettle=684 d0termen=0 d0settle=661 d1termen=0 d1settle=661 receiver_errors=0x8683
Sep 14 23:26:01 pico-qcd kernel: intel-ipu6 intel-ipu60: trace csi 2 error snapshot: rx enable=0x1 lanes=2 config=0x3 status=0x0 hs=0x301 lp=0x0 ctermen=0 csettle=684 d0termen=0 d0settle=661 d1termen=0 d1settle=661 receiver_errors=0x8600
Sep 14 23:26:01 pico-qcd kernel: intel-ipu6 intel-ipu60: trace csi 2 error snapshot: rx enable=0x1 lanes=2 config=0x3 status=0x1 hs=0x301 lp=0x0 ctermen=0 csettle=684 d0termen=0 d0settle=661 d1termen=0 d1settle=661 receiver_errors=0x481
Sep 14 23:26:01 pico-qcd kernel: intel-ipu6 intel-ipu60: trace csi 2 error snapshot: rx enable=0x1 lanes=2 config=0x3 status=0x0 hs=0x301 lp=0x0 ctermen=0 csettle=684 d0termen=0 d0settle=661 d1termen=0 d1settle=661 receiver_errors=0x8481
Sep 14 23:26:01 pico-qcd kernel: intel-ipu6 intel-ipu60: no frames from ov5693 1-0036 after start; bouncing sensor (retry 21)
Sep 14 23:26:01 pico-qcd kernel: intel-ipu6 intel-ipu60: trace csi 2 error snapshot: rx enable=0x1 lanes=2 config=0x3 status=0x0 hs=0x301 lp=0x0 ctermen=0 csettle=684 d0termen=0 d0settle=661 d1termen=0 d1settle=661 receiver_errors=0x8683
Sep 14 23:26:01 pico-qcd kernel: intel-ipu6 intel-ipu60: trace csi 2 error snapshot: rx enable=0x1 lanes=2 config=0x3 status=0x1 hs=0x301 lp=0x0 ctermen=0 csettle=684 d0termen=0 d0settle=661 d1termen=0 d1settle=661 receiver_errors=0x8481
Sep 14 23:26:01 pico-qcd kernel: intel-ipu6 intel-ipu60: trace csi 2 error snapshot: rx enable=0x1 lanes=2 config=0x3 status=0x1 hs=0x301 lp=0x0 ctermen=0 csettle=684 d0termen=0 d0settle=661 d1termen=0 d1settle=661 receiver_errors=0x8400
Sep 14 23:26:01 pico-qcd kernel: intel-ipu6 intel-ipu60: trace csi 2 error snapshot: rx enable=0x1 lanes=2 config=0x3 status=0x1 hs=0x301 lp=0x0 ctermen=0 csettle=684 d0termen=0 d0settle=661 d1termen=0 d1settle=661 receiver_errors=0x8400
Sep 14 23:26:01 pico-qcd kernel: intel-ipu6 intel-ipu60: trace csi 2 error snapshot: rx enable=0x1 lanes=2 config=0x3 status=0x0 hs=0x301 lp=0x0 ctermen=0 csettle=684 d0termen=0 d0settle=661 d1termen=0 d1settle=661 receiver_errors=0x480
Sep 14 23:26:02 pico-qcd kernel: intel-ipu6 intel-ipu60: no frames from ov5693 1-0036 after start; bouncing sensor (retry 22)
Sep 14 23:26:02 pico-qcd kernel: intel-ipu6 intel-ipu60: trace csi 2 error snapshot: rx enable=0x1 lanes=2 config=0x3 status=0x1 hs=0x301 lp=0x0 ctermen=0 csettle=684 d0termen=0 d0settle=661 d1termen=0 d1settle=661 receiver_errors=0x8481
Sep 14 23:26:02 pico-qcd kernel: intel-ipu6 intel-ipu60: trace csi 2 error snapshot: rx enable=0x1 lanes=2 config=0x3 status=0x0 hs=0x301 lp=0x0 ctermen=0 csettle=684 d0termen=0 d0settle=661 d1termen=0 d1settle=661 receiver_errors=0x8685
Sep 14 23:26:02 pico-qcd kernel: intel-ipu6 intel-ipu60: trace csi 2 error snapshot: rx enable=0x1 lanes=2 config=0x3 status=0x0 hs=0x301 lp=0x0 ctermen=0 csettle=684 d0termen=0 d0settle=661 d1termen=0 d1settle=661 receiver_errors=0x8603
Sep 14 23:26:02 pico-qcd kernel: intel-ipu6 intel-ipu60: trace csi 2 error snapshot: rx enable=0x1 lanes=2 config=0x3 status=0x0 hs=0x301 lp=0x0 ctermen=0 csettle=684 d0termen=0 d0settle=661 d1termen=0 d1settle=661 receiver_errors=0x683
Sep 14 23:26:02 pico-qcd kernel: intel-ipu6 intel-ipu60: trace csi 2 error snapshot: rx enable=0x1 lanes=2 config=0x3 status=0x0 hs=0x301 lp=0x0 ctermen=0 csettle=684 d0termen=0 d0settle=661 d1termen=0 d1settle=661 receiver_errors=0x681
Sep 14 23:26:02 pico-qcd kernel: intel-ipu6 intel-ipu60: no frames from ov5693 1-0036 after start; bouncing sensor (retry 23)
Sep 14 23:26:02 pico-qcd kernel: intel-ipu6 intel-ipu60: trace csi 2 error snapshot: rx enable=0x1 lanes=2 config=0x3 status=0x1 hs=0x301 lp=0x0 ctermen=0 csettle=684 d0termen=0 d0settle=661 d1termen=0 d1settle=661 receiver_errors=0x8683
Sep 14 23:26:02 pico-qcd kernel: intel-ipu6 intel-ipu60: trace csi 2 error snapshot: rx enable=0x1 lanes=2 config=0x3 status=0x0 hs=0x301 lp=0x0 ctermen=0 csettle=684 d0termen=0 d0settle=661 d1termen=0 d1settle=661 receiver_errors=0x8683
Sep 14 23:26:02 pico-qcd kernel: intel-ipu6 intel-ipu60: trace csi 2 error snapshot: rx enable=0x1 lanes=2 config=0x3 status=0x0 hs=0x301 lp=0x0 ctermen=0 csettle=684 d0termen=0 d0settle=661 d1termen=0 d1settle=661 receiver_errors=0x481
Sep 14 23:26:02 pico-qcd kernel: intel-ipu6 intel-ipu60: trace csi 2 error snapshot: rx enable=0x1 lanes=2 config=0x3 status=0x1 hs=0x301 lp=0x0 ctermen=0 csettle=684 d0termen=0 d0settle=661 d1termen=0 d1settle=661 receiver_errors=0x481
Sep 14 23:26:02 pico-qcd kernel: intel-ipu6 intel-ipu60: trace csi 2 error snapshot: rx enable=0x1 lanes=2 config=0x3 status=0x1 hs=0x301 lp=0x0 ctermen=0 csettle=684 d0termen=0 d0settle=661 d1termen=0 d1settle=661 receiver_errors=0x8401
Sep 14 23:26:03 pico-qcd kernel: intel-ipu6 intel-ipu60: no frames from ov5693 1-0036 after start; bouncing sensor (retry 24)
Sep 14 23:26:03 pico-qcd kernel: intel-ipu6 intel-ipu60: trace csi 2 error snapshot: rx enable=0x1 lanes=2 config=0x3 status=0x1 hs=0x301 lp=0x0 ctermen=0 csettle=684 d0termen=0 d0settle=661 d1termen=0 d1settle=661 receiver_errors=0x8483
Sep 14 23:26:03 pico-qcd kernel: ipu_isys_csi2_error: 59 callbacks suppressed
Sep 14 23:26:03 pico-qcd kernel: intel-ipu6 intel-ipu60: csi2-2 error: Frame sync error
Sep 14 23:26:03 pico-qcd kernel: intel-ipu6 intel-ipu60: csi2-2 error: DPHY non-recoverable synchronization error
Sep 14 23:26:03 pico-qcd kernel: intel-ipu6 intel-ipu60: trace csi 2 error snapshot: rx enable=0x1 lanes=2 config=0x3 status=0x1 hs=0x301 lp=0x0 ctermen=0 csettle=684 d0termen=0 d0settle=661 d1termen=0 d1settle=661 receiver_errors=0x8481
Sep 14 23:26:03 pico-qcd kernel: intel-ipu6 intel-ipu60: csi2-2 error: Frame sync error
Sep 14 23:26:03 pico-qcd kernel: intel-ipu6 intel-ipu60: csi2-2 error: DPHY non-recoverable synchronization error
Sep 14 23:26:03 pico-qcd kernel: intel-ipu6 intel-ipu60: trace csi 2 error snapshot: rx enable=0x1 lanes=2 config=0x3 status=0x0 hs=0x301 lp=0x0 ctermen=0 csettle=684 d0termen=0 d0settle=661 d1termen=0 d1settle=661 receiver_errors=0x8401
Sep 14 23:26:03 pico-qcd kernel: intel-ipu6 intel-ipu60: csi2-2 error: DPHY non-recoverable synchronization error
Sep 14 23:26:03 pico-qcd kernel: intel-ipu6 intel-ipu60: trace csi 2 error snapshot: rx enable=0x1 lanes=2 config=0x3 status=0x0 hs=0x301 lp=0x0 ctermen=0 csettle=684 d0termen=0 d0settle=661 d1termen=0 d1settle=661 receiver_errors=0x8401
Sep 14 23:26:03 pico-qcd kernel: intel-ipu6 intel-ipu60: csi2-2 error: DPHY non-recoverable synchronization error
Sep 14 23:26:03 pico-qcd kernel: intel-ipu6 intel-ipu60: trace csi 2 error snapshot: rx enable=0x1 lanes=2 config=0x3 status=0x1 hs=0x301 lp=0x0 ctermen=0 csettle=684 d0termen=0 d0settle=661 d1termen=0 d1settle=661 receiver_errors=0x8601
Sep 14 23:26:03 pico-qcd kernel: intel-ipu6 intel-ipu60: csi2-2 error: DPHY non-recoverable synchronization error
Sep 14 23:26:04 pico-qcd kernel: intel-ipu6 intel-ipu60: no frames from ov5693 1-0036 after start; bouncing sensor (retry 25)
Sep 14 23:26:04 pico-qcd kernel: intel-ipu6 intel-ipu60: trace csi 2 error snapshot: rx enable=0x1 lanes=2 config=0x3 status=0x0 hs=0x301 lp=0x0 ctermen=0 csettle=684 d0termen=0 d0settle=661 d1termen=0 d1settle=661 receiver_errors=0x8681
Sep 14 23:26:04 pico-qcd kernel: intel-ipu6 intel-ipu60: csi2-2 error: Frame sync error
Sep 14 23:26:04 pico-qcd kernel: intel-ipu6 intel-ipu60: csi2-2 error: DPHY non-recoverable synchronization error
Sep 14 23:26:04 pico-qcd kernel: intel-ipu6 intel-ipu60: trace csi 2 error snapshot: rx enable=0x1 lanes=2 config=0x3 status=0x0 hs=0x301 lp=0x0 ctermen=0 csettle=684 d0termen=0 d0settle=661 d1termen=0 d1settle=661 receiver_errors=0x8481
Sep 14 23:26:04 pico-qcd kernel: intel-ipu6 intel-ipu60: csi2-2 error: Frame sync error
Sep 14 23:26:04 pico-qcd kernel: intel-ipu6 intel-ipu60: trace csi 2 error snapshot: rx enable=0x1 lanes=2 config=0x3 status=0x1 hs=0x301 lp=0x0 ctermen=0 csettle=684 d0termen=0 d0settle=661 d1termen=0 d1settle=661 receiver_errors=0x8401
Sep 14 23:26:04 pico-qcd kernel: intel-ipu6 intel-ipu60: trace csi 2 error snapshot: rx enable=0x1 lanes=2 config=0x3 status=0x0 hs=0x301 lp=0x0 ctermen=0 csettle=684 d0termen=0 d0settle=661 d1termen=0 d1settle=661 receiver_errors=0x8401
Sep 14 23:26:04 pico-qcd kernel: intel-ipu6 intel-ipu60: trace csi 2 error snapshot: rx enable=0x1 lanes=2 config=0x3 status=0x0 hs=0x301 lp=0x0 ctermen=0 csettle=684 d0termen=0 d0settle=661 d1termen=0 d1settle=661 receiver_errors=0x8483
Sep 14 23:26:04 pico-qcd kernel: intel-ipu6 intel-ipu60: no frames from ov5693 1-0036 after start; bouncing sensor (retry 26)
Sep 14 23:26:04 pico-qcd kernel: intel-ipu6 intel-ipu60: trace csi 2 error snapshot: rx enable=0x1 lanes=2 config=0x3 status=0x0 hs=0x301 lp=0x0 ctermen=0 csettle=684 d0termen=0 d0settle=661 d1termen=0 d1settle=661 receiver_errors=0x8481
Sep 14 23:26:04 pico-qcd kernel: intel-ipu6 intel-ipu60: trace csi 2 error snapshot: rx enable=0x1 lanes=2 config=0x3 status=0x1 hs=0x301 lp=0x0 ctermen=0 csettle=684 d0termen=0 d0settle=661 d1termen=0 d1settle=661 receiver_errors=0x8405
Sep 14 23:26:04 pico-qcd kernel: intel-ipu6 intel-ipu60: trace csi 2 error snapshot: rx enable=0x1 lanes=2 config=0x3 status=0x1 hs=0x301 lp=0x0 ctermen=0 csettle=684 d0termen=0 d0settle=661 d1termen=0 d1settle=661 receiver_errors=0x8400
Sep 14 23:26:04 pico-qcd kernel: intel-ipu6 intel-ipu60: trace csi 2 error snapshot: rx enable=0x1 lanes=2 config=0x3 status=0x1 hs=0x301 lp=0x0 ctermen=0 csettle=684 d0termen=0 d0settle=661 d1termen=0 d1settle=661 receiver_errors=0x8401
Sep 14 23:26:04 pico-qcd kernel: intel-ipu6 intel-ipu60: trace csi 2 error snapshot: rx enable=0x1 lanes=2 config=0x3 status=0x1 hs=0x301 lp=0x0 ctermen=0 csettle=684 d0termen=0 d0settle=661 d1termen=0 d1settle=661 receiver_errors=0x8401
Sep 14 23:26:05 pico-qcd kernel: intel-ipu6 intel-ipu60: no frames from ov5693 1-0036 after start; bouncing sensor (retry 27)
Sep 14 23:26:05 pico-qcd kernel: intel-ipu6 intel-ipu60: trace csi 2 error snapshot: rx enable=0x1 lanes=2 config=0x3 status=0x1 hs=0x301 lp=0x0 ctermen=0 csettle=684 d0termen=0 d0settle=661 d1termen=0 d1settle=661 receiver_errors=0x8681
Sep 14 23:26:05 pico-qcd kernel: intel-ipu6 intel-ipu60: trace csi 2 error snapshot: rx enable=0x1 lanes=2 config=0x3 status=0x0 hs=0x301 lp=0x0 ctermen=0 csettle=684 d0termen=0 d0settle=661 d1termen=0 d1settle=661 receiver_errors=0x8401
Sep 14 23:26:05 pico-qcd kernel: intel-ipu6 intel-ipu60: trace csi 2 error snapshot: rx enable=0x1 lanes=2 config=0x3 status=0x1 hs=0x301 lp=0x0 ctermen=0 csettle=684 d0termen=0 d0settle=661 d1termen=0 d1settle=661 receiver_errors=0x8481
Sep 14 23:26:05 pico-qcd kernel: intel-ipu6 intel-ipu60: trace csi 2 error snapshot: rx enable=0x1 lanes=2 config=0x3 status=0x1 hs=0x301 lp=0x0 ctermen=0 csettle=684 d0termen=0 d0settle=661 d1termen=0 d1settle=661 receiver_errors=0x481
Sep 14 23:26:05 pico-qcd kernel: intel-ipu6 intel-ipu60: trace csi 2 error snapshot: rx enable=0x1 lanes=2 config=0x3 status=0x1 hs=0x301 lp=0x0 ctermen=0 csettle=684 d0termen=0 d0settle=661 d1termen=0 d1settle=661 receiver_errors=0x8401
Sep 14 23:26:06 pico-qcd kernel: intel-ipu6 intel-ipu60: no frames from ov5693 1-0036 after start; bouncing sensor (retry 28)
Sep 14 23:26:06 pico-qcd kernel: intel-ipu6 intel-ipu60: trace csi 2 error snapshot: rx enable=0x1 lanes=2 config=0x3 status=0x0 hs=0x301 lp=0x0 ctermen=0 csettle=684 d0termen=0 d0settle=661 d1termen=0 d1settle=661 receiver_errors=0x8483
Sep 14 23:26:06 pico-qcd kernel: intel-ipu6 intel-ipu60: trace csi 2 error snapshot: rx enable=0x1 lanes=2 config=0x3 status=0x1 hs=0x301 lp=0x0 ctermen=0 csettle=684 d0termen=0 d0settle=661 d1termen=0 d1settle=661 receiver_errors=0x8480
Sep 14 23:26:06 pico-qcd kernel: intel-ipu6 intel-ipu60: trace csi 2 error snapshot: rx enable=0x1 lanes=2 config=0x3 status=0x1 hs=0x301 lp=0x0 ctermen=0 csettle=684 d0termen=0 d0settle=661 d1termen=0 d1settle=661 receiver_errors=0x8400
Sep 14 23:26:06 pico-qcd kernel: intel-ipu6 intel-ipu60: trace csi 2 error snapshot: rx enable=0x1 lanes=2 config=0x3 status=0x1 hs=0x301 lp=0x0 ctermen=0 csettle=684 d0termen=0 d0settle=661 d1termen=0 d1settle=661 receiver_errors=0x8400
Sep 14 23:26:06 pico-qcd kernel: intel-ipu6 intel-ipu60: trace csi 2 error snapshot: rx enable=0x1 lanes=2 config=0x3 status=0x1 hs=0x301 lp=0x0 ctermen=0 csettle=684 d0termen=0 d0settle=661 d1termen=0 d1settle=661 receiver_errors=0x8400
Sep 14 23:26:06 pico-qcd kernel: intel-ipu6 intel-ipu60: no frames from ov5693 1-0036 after start; bouncing sensor (retry 29)
Sep 14 23:26:06 pico-qcd kernel: intel-ipu6 intel-ipu60: trace csi 2 error snapshot: rx enable=0x1 lanes=2 config=0x3 status=0x1 hs=0x301 lp=0x0 ctermen=0 csettle=684 d0termen=0 d0settle=661 d1termen=0 d1settle=661 receiver_errors=0x8480
Sep 14 23:26:06 pico-qcd kernel: intel-ipu6 intel-ipu60: trace csi 2 error snapshot: rx enable=0x1 lanes=2 config=0x3 status=0x1 hs=0x301 lp=0x0 ctermen=0 csettle=684 d0termen=0 d0settle=661 d1termen=0 d1settle=661 receiver_errors=0x8401
Sep 14 23:26:06 pico-qcd kernel: intel-ipu6 intel-ipu60: trace csi 2 error snapshot: rx enable=0x1 lanes=2 config=0x3 status=0x0 hs=0x301 lp=0x0 ctermen=0 csettle=684 d0termen=0 d0settle=661 d1termen=0 d1settle=661 receiver_errors=0x8401
Sep 14 23:26:06 pico-qcd kernel: intel-ipu6 intel-ipu60: trace csi 2 error snapshot: rx enable=0x1 lanes=2 config=0x3 status=0x1 hs=0x301 lp=0x0 ctermen=0 csettle=684 d0termen=0 d0settle=661 d1termen=0 d1settle=661 receiver_errors=0x8401
Sep 14 23:26:06 pico-qcd kernel: intel-ipu6 intel-ipu60: trace csi 2 error snapshot: rx enable=0x1 lanes=2 config=0x3 status=0x0 hs=0x301 lp=0x0 ctermen=0 csettle=684 d0termen=0 d0settle=661 d1termen=0 d1settle=661 receiver_errors=0x8401
Sep 14 23:26:07 pico-qcd kernel: intel-ipu6 intel-ipu60: no frames from ov5693 1-0036 after start; bouncing sensor (retry 30)
Sep 14 23:26:07 pico-qcd kernel: intel-ipu6 intel-ipu60: trace csi 2 error snapshot: rx enable=0x1 lanes=2 config=0x3 status=0x1 hs=0x301 lp=0x0 ctermen=0 csettle=684 d0termen=0 d0settle=661 d1termen=0 d1settle=661 receiver_errors=0x8481
Sep 14 23:26:07 pico-qcd kernel: intel-ipu6 intel-ipu60: trace csi 2 error snapshot: rx enable=0x1 lanes=2 config=0x3 status=0x0 hs=0x301 lp=0x0 ctermen=0 csettle=684 d0termen=0 d0settle=661 d1termen=0 d1settle=661 receiver_errors=0x8685
Sep 14 23:26:07 pico-qcd kernel: intel-ipu6 intel-ipu60: trace csi 2 error snapshot: rx enable=0x1 lanes=2 config=0x3 status=0x0 hs=0x301 lp=0x0 ctermen=0 csettle=684 d0termen=0 d0settle=661 d1termen=0 d1settle=661 receiver_errors=0x681
Sep 14 23:26:07 pico-qcd kernel: intel-ipu6 intel-ipu60: trace csi 2 error snapshot: rx enable=0x1 lanes=2 config=0x3 status=0x0 hs=0x301 lp=0x0 ctermen=0 csettle=684 d0termen=0 d0settle=661 d1termen=0 d1settle=661 receiver_errors=0x8601
Sep 14 23:26:07 pico-qcd kernel: intel-ipu6 intel-ipu60: trace csi 2 error snapshot: rx enable=0x1 lanes=2 config=0x3 status=0x0 hs=0x301 lp=0x0 ctermen=0 csettle=684 d0termen=0 d0settle=661 d1termen=0 d1settle=661 receiver_errors=0x681
Sep 14 23:26:07 pico-qcd kernel: intel-ipu6 intel-ipu60: trace csi 2 error snapshot: rx enable=0x1 lanes=2 config=0x3 status=0x0 hs=0x301 lp=0x0 ctermen=0 csettle=684 d0termen=0 d0settle=661 d1termen=0 d1settle=661 receiver_errors=0x8601
Sep 14 23:26:08 pico-qcd kernel: intel-ipu6 intel-ipu60: trace csi 2 error snapshot: rx enable=0x1 lanes=2 config=0x3 status=0x0 hs=0x301 lp=0x0 ctermen=0 csettle=684 d0termen=0 d0settle=661 d1termen=0 d1settle=661 receiver_errors=0x681
Sep 14 23:26:08 pico-qcd kernel: intel-ipu6 intel-ipu60: trace csi 2 error snapshot: rx enable=0x1 lanes=2 config=0x3 status=0x0 hs=0x301 lp=0x0 ctermen=0 csettle=684 d0termen=0 d0settle=661 d1termen=0 d1settle=661 receiver_errors=0x8601
Sep 14 23:26:08 pico-qcd kernel: intel-ipu6 intel-ipu60: trace csi 2 error snapshot: rx enable=0x1 lanes=2 config=0x3 status=0x0 hs=0x301 lp=0x0 ctermen=0 csettle=684 d0termen=0 d0settle=661 d1termen=0 d1settle=661 receiver_errors=0x8401
Sep 14 23:26:08 pico-qcd kernel: intel-ipu6 intel-ipu60: trace csi 2 error snapshot: rx enable=0x1 lanes=2 config=0x3 status=0x1 hs=0x301 lp=0x0 ctermen=0 csettle=684 d0termen=0 d0settle=661 d1termen=0 d1settle=661 receiver_errors=0x681
Sep 14 23:26:08 pico-qcd kernel: intel-ipu6 intel-ipu60: trace csi 2 error snapshot: rx enable=0x1 lanes=2 config=0x3 status=0x0 hs=0x301 lp=0x0 ctermen=0 csettle=684 d0termen=0 d0settle=661 d1termen=0 d1settle=661 receiver_errors=0x681
Sep 14 23:26:08 pico-qcd kernel: intel-ipu6 intel-ipu60: trace csi 2 error snapshot: rx enable=0x1 lanes=2 config=0x3 status=0x1 hs=0x301 lp=0x0 ctermen=0 csettle=684 d0termen=0 d0settle=661 d1termen=0 d1settle=661 receiver_errors=0x8401
Sep 14 23:26:08 pico-qcd kernel: intel-ipu6 intel-ipu60: trace csi 2 error snapshot: rx enable=0x1 lanes=2 config=0x3 status=0x1 hs=0x301 lp=0x0 ctermen=0 csettle=684 d0termen=0 d0settle=661 d1termen=0 d1settle=661 receiver_errors=0x681
Sep 14 23:26:08 pico-qcd kernel: intel-ipu6 intel-ipu60: trace csi 2 error snapshot: rx enable=0x1 lanes=2 config=0x3 status=0x1 hs=0x301 lp=0x0 ctermen=0 csettle=684 d0termen=0 d0settle=661 d1termen=0 d1settle=661 receiver_errors=0x8601
Sep 14 23:26:08 pico-qcd kernel: ipu_isys_csi2_error: 53 callbacks suppressed
Sep 14 23:26:08 pico-qcd kernel: intel-ipu6 intel-ipu60: csi2-2 error: DPHY non-recoverable synchronization error
Sep 14 23:26:08 pico-qcd kernel: intel-ipu6 intel-ipu60: trace csi 2 error snapshot: rx enable=0x1 lanes=2 config=0x3 status=0x1 hs=0x301 lp=0x0 ctermen=0 csettle=684 d0termen=0 d0settle=661 d1termen=0 d1settle=661 receiver_errors=0x683
Sep 14 23:26:08 pico-qcd kernel: intel-ipu6 intel-ipu60: csi2-2 error: Frame sync error
Sep 14 23:26:08 pico-qcd kernel: intel-ipu6 intel-ipu60: csi2-2 error: DPHY non-recoverable synchronization error
Sep 14 23:26:08 pico-qcd kernel: intel-ipu6 intel-ipu60: trace csi 2 error snapshot: rx enable=0x1 lanes=2 config=0x3 status=0x1 hs=0x301 lp=0x0 ctermen=0 csettle=684 d0termen=0 d0settle=661 d1termen=0 d1settle=661 receiver_errors=0x681
Sep 14 23:26:08 pico-qcd kernel: intel-ipu6 intel-ipu60: csi2-2 error: Frame sync error
Sep 14 23:26:08 pico-qcd kernel: intel-ipu6 intel-ipu60: csi2-2 error: DPHY non-recoverable synchronization error
Sep 14 23:26:08 pico-qcd kernel: intel-ipu6 intel-ipu60: trace csi 2 error snapshot: rx enable=0x1 lanes=2 config=0x3 status=0x0 hs=0x301 lp=0x0 ctermen=0 csettle=684 d0termen=0 d0settle=661 d1termen=0 d1settle=661 receiver_errors=0x8401
Sep 14 23:26:08 pico-qcd kernel: intel-ipu6 intel-ipu60: csi2-2 error: DPHY non-recoverable synchronization error
Sep 14 23:26:08 pico-qcd kernel: intel-ipu6 intel-ipu60: trace csi 2 error snapshot: rx enable=0x1 lanes=2 config=0x3 status=0x0 hs=0x301 lp=0x0 ctermen=0 csettle=684 d0termen=0 d0settle=661 d1termen=0 d1settle=661 receiver_errors=0x8601
Sep 14 23:26:08 pico-qcd kernel: intel-ipu6 intel-ipu60: csi2-2 error: DPHY non-recoverable synchronization error
Sep 14 23:26:08 pico-qcd kernel: intel-ipu6 intel-ipu60: trace csi 2 error snapshot: rx enable=0x1 lanes=2 config=0x3 status=0x1 hs=0x301 lp=0x0 ctermen=0 csettle=684 d0termen=0 d0settle=661 d1termen=0 d1settle=661 receiver_errors=0x8603
Sep 14 23:26:08 pico-qcd kernel: intel-ipu6 intel-ipu60: csi2-2 error: DPHY non-recoverable synchronization error
Sep 14 23:26:08 pico-qcd kernel: intel-ipu6 intel-ipu60: trace csi 2 error snapshot: rx enable=0x1 lanes=2 config=0x3 status=0x1 hs=0x301 lp=0x0 ctermen=0 csettle=684 d0termen=0 d0settle=661 d1termen=0 d1settle=661 receiver_errors=0x8601
Sep 14 23:26:08 pico-qcd kernel: intel-ipu6 intel-ipu60: csi2-2 error: DPHY non-recoverable synchronization error
Sep 14 23:26:08 pico-qcd kernel: intel-ipu6 intel-ipu60: trace csi 2 error snapshot: rx enable=0x1 lanes=2 config=0x3 status=0x0 hs=0x301 lp=0x0 ctermen=0 csettle=684 d0termen=0 d0settle=661 d1termen=0 d1settle=661 receiver_errors=0x8681
Sep 14 23:26:08 pico-qcd kernel: intel-ipu6 intel-ipu60: csi2-2 error: Frame sync error
Sep 14 23:26:08 pico-qcd kernel: intel-ipu6 intel-ipu60: trace csi 2 error snapshot: rx enable=0x1 lanes=2 config=0x3 status=0x0 hs=0x301 lp=0x0 ctermen=0 csettle=684 d0termen=0 d0settle=661 d1termen=0 d1settle=661 receiver_errors=0x681
Sep 14 23:26:09 pico-qcd kernel: intel-ipu6 intel-ipu60: trace csi 2 error snapshot: rx enable=0x1 lanes=2 config=0x3 status=0x1 hs=0x301 lp=0x0 ctermen=0 csettle=684 d0termen=0 d0settle=661 d1termen=0 d1settle=661 receiver_errors=0x480
Sep 14 23:26:09 pico-qcd kernel: intel-ipu6 intel-ipu60: trace csi 2 error snapshot: rx enable=0x1 lanes=2 config=0x3 status=0x0 hs=0x301 lp=0x0 ctermen=0 csettle=684 d0termen=0 d0settle=661 d1termen=0 d1settle=661 receiver_errors=0x8681
Sep 14 23:26:09 pico-qcd kernel: intel-ipu6 intel-ipu60: trace csi 2 error snapshot: rx enable=0x1 lanes=2 config=0x3 status=0x0 hs=0x301 lp=0x0 ctermen=0 csettle=684 d0termen=0 d0settle=661 d1termen=0 d1settle=661 receiver_errors=0x8601
Sep 14 23:26:09 pico-qcd kernel: intel-ipu6 intel-ipu60: trace csi 2 error snapshot: rx enable=0x1 lanes=2 config=0x3 status=0x1 hs=0x301 lp=0x0 ctermen=0 csettle=684 d0termen=0 d0settle=661 d1termen=0 d1settle=661 receiver_errors=0x8681
Sep 14 23:26:09 pico-qcd kernel: intel-ipu6 intel-ipu60: trace csi 2 error snapshot: rx enable=0x1 lanes=2 config=0x3 status=0x1 hs=0x301 lp=0x0 ctermen=0 csettle=684 d0termen=0 d0settle=661 d1termen=0 d1settle=661 receiver_errors=0x8603
Sep 14 23:26:09 pico-qcd kernel: intel-ipu6 intel-ipu60: trace csi 2 error snapshot: rx enable=0x1 lanes=2 config=0x3 status=0x0 hs=0x301 lp=0x0 ctermen=0 csettle=684 d0termen=0 d0settle=661 d1termen=0 d1settle=661 receiver_errors=0x681
Sep 14 23:26:09 pico-qcd kernel: intel-ipu6 intel-ipu60: trace csi 2 error snapshot: rx enable=0x1 lanes=2 config=0x3 status=0x0 hs=0x301 lp=0x0 ctermen=0 csettle=684 d0termen=0 d0settle=661 d1termen=0 d1settle=661 receiver_errors=0x8681
Sep 14 23:26:09 pico-qcd kernel: intel-ipu6 intel-ipu60: trace csi 2 error snapshot: rx enable=0x1 lanes=2 config=0x3 status=0x0 hs=0x301 lp=0x0 ctermen=0 csettle=684 d0termen=0 d0settle=661 d1termen=0 d1settle=661 receiver_errors=0x8601
Sep 14 23:26:09 pico-qcd kernel: intel-ipu6 intel-ipu60: trace csi 2 error snapshot: rx enable=0x1 lanes=2 config=0x3 status=0x1 hs=0x301 lp=0x0 ctermen=0 csettle=684 d0termen=0 d0settle=661 d1termen=0 d1settle=661 receiver_errors=0x8601
Sep 14 23:26:09 pico-qcd kernel: intel-ipu6 intel-ipu60: trace csi 2 error snapshot: rx enable=0x1 lanes=2 config=0x3 status=0x1 hs=0x301 lp=0x0 ctermen=0 csettle=684 d0termen=0 d0settle=661 d1termen=0 d1settle=661 receiver_errors=0x681
Sep 14 23:26:09 pico-qcd kernel: intel-ipu6 intel-ipu60: trace csi 2 error snapshot: rx enable=0x1 lanes=2 config=0x3 status=0x0 hs=0x301 lp=0x0 ctermen=0 csettle=684 d0termen=0 d0settle=661 d1termen=0 d1settle=661 receiver_errors=0x8601
Sep 14 23:26:09 pico-qcd kernel: intel-ipu6 intel-ipu60: trace csi 2 error snapshot: rx enable=0x1 lanes=2 config=0x3 status=0x1 hs=0x301 lp=0x0 ctermen=0 csettle=684 d0termen=0 d0settle=661 d1termen=0 d1settle=661 receiver_errors=0x681
Sep 14 23:26:09 pico-qcd kernel: intel-ipu6 intel-ipu60: trace csi 2 error snapshot: rx enable=0x1 lanes=2 config=0x3 status=0x1 hs=0x301 lp=0x0 ctermen=0 csettle=684 d0termen=0 d0settle=661 d1termen=0 d1settle=661 receiver_errors=0x8601
Sep 14 23:26:09 pico-qcd kernel: intel-ipu6 intel-ipu60: trace csi 2 error snapshot: rx enable=0x1 lanes=2 config=0x3 status=0x0 hs=0x301 lp=0x0 ctermen=0 csettle=684 d0termen=0 d0settle=661 d1termen=0 d1settle=661 receiver_errors=0x8601
Sep 14 23:26:09 pico-qcd kernel: intel-ipu6 intel-ipu60: trace csi 2 error snapshot: rx enable=0x1 lanes=2 config=0x3 status=0x1 hs=0x301 lp=0x0 ctermen=0 csettle=684 d0termen=0 d0settle=661 d1termen=0 d1settle=661 receiver_errors=0x8401
Sep 14 23:26:09 pico-qcd kernel: intel-ipu6 intel-ipu60: trace csi 2 error snapshot: rx enable=0x1 lanes=2 config=0x3 status=0x0 hs=0x301 lp=0x0 ctermen=0 csettle=684 d0termen=0 d0settle=661 d1termen=0 d1settle=661 receiver_errors=0x681
Sep 14 23:26:09 pico-qcd kernel: intel-ipu6 intel-ipu60: trace csi 2 error snapshot: rx enable=0x1 lanes=2 config=0x3 status=0x0 hs=0x301 lp=0x0 ctermen=0 csettle=684 d0termen=0 d0settle=661 d1termen=0 d1settle=661 receiver_errors=0x481
Sep 14 23:26:09 pico-qcd kernel: intel-ipu6 intel-ipu60: trace csi 2 error snapshot: rx enable=0x1 lanes=2 config=0x3 status=0x1 hs=0x301 lp=0x0 ctermen=0 csettle=684 d0termen=0 d0settle=661 d1termen=0 d1settle=661 receiver_errors=0x8401
Sep 14 23:26:10 pico-qcd kernel: intel-ipu6 intel-ipu60: trace csi 2 error snapshot: rx enable=0x1 lanes=2 config=0x3 status=0x0 hs=0x301 lp=0x0 ctermen=0 csettle=684 d0termen=0 d0settle=661 d1termen=0 d1settle=661 receiver_errors=0x481
Sep 14 23:26:10 pico-qcd kernel: intel-ipu6 intel-ipu60: trace csi 2 error snapshot: rx enable=0x1 lanes=2 config=0x3 status=0x0 hs=0x301 lp=0x0 ctermen=0 csettle=684 d0termen=0 d0settle=661 d1termen=0 d1settle=661 receiver_errors=0x481
Sep 14 23:26:10 pico-qcd kernel: intel-ipu6 intel-ipu60: trace csi 2 error snapshot: rx enable=0x1 lanes=2 config=0x3 status=0x0 hs=0x301 lp=0x0 ctermen=0 csettle=684 d0termen=0 d0settle=661 d1termen=0 d1settle=661 receiver_errors=0x8601
Sep 14 23:26:10 pico-qcd kernel: intel-ipu6 intel-ipu60: trace csi 2 error snapshot: rx enable=0x1 lanes=2 config=0x3 status=0x0 hs=0x301 lp=0x0 ctermen=0 csettle=684 d0termen=0 d0settle=661 d1termen=0 d1settle=661 receiver_errors=0x8481
Sep 14 23:26:10 pico-qcd kernel: intel-ipu6 intel-ipu60: trace csi 2 error snapshot: rx enable=0x1 lanes=2 config=0x3 status=0x0 hs=0x301 lp=0x0 ctermen=0 csettle=684 d0termen=0 d0settle=661 d1termen=0 d1settle=661 receiver_errors=0x680
Sep 14 23:26:10 pico-qcd kernel: intel-ipu6 intel-ipu60: trace csi 2 error snapshot: rx enable=0x1 lanes=2 config=0x3 status=0x0 hs=0x301 lp=0x0 ctermen=0 csettle=684 d0termen=0 d0settle=661 d1termen=0 d1settle=661 receiver_errors=0x8601
Sep 14 23:26:10 pico-qcd kernel: intel-ipu6 intel-ipu60: trace csi 2 error snapshot: rx enable=0x1 lanes=2 config=0x3 status=0x0 hs=0x301 lp=0x0 ctermen=0 csettle=684 d0termen=0 d0settle=661 d1termen=0 d1settle=661 receiver_errors=0x8601
Sep 14 23:26:10 pico-qcd kernel: intel-ipu6 intel-ipu60: trace csi 2 error snapshot: rx enable=0x1 lanes=2 config=0x3 status=0x0 hs=0x301 lp=0x0 ctermen=0 csettle=684 d0termen=0 d0settle=661 d1termen=0 d1settle=661 receiver_errors=0x681
Sep 14 23:26:10 pico-qcd kernel: intel-ipu6 intel-ipu60: trace csi 2 error snapshot: rx enable=0x1 lanes=2 config=0x3 status=0x1 hs=0x301 lp=0x0 ctermen=0 csettle=684 d0termen=0 d0settle=661 d1termen=0 d1settle=661 receiver_errors=0x681
Sep 14 23:26:10 pico-qcd kernel: intel-ipu6 intel-ipu60: trace csi 2 error snapshot: rx enable=0x1 lanes=2 config=0x3 status=0x1 hs=0x301 lp=0x0 ctermen=0 csettle=684 d0termen=0 d0settle=661 d1termen=0 d1settle=661 receiver_errors=0x683
Sep 14 23:26:10 pico-qcd kernel: intel-ipu6 intel-ipu60: trace csi 2 error snapshot: rx enable=0x1 lanes=2 config=0x3 status=0x0 hs=0x301 lp=0x0 ctermen=0 csettle=684 d0termen=0 d0settle=661 d1termen=0 d1settle=661 receiver_errors=0x8401
Sep 14 23:26:10 pico-qcd kernel: intel-ipu6 intel-ipu60: trace csi 2 error snapshot: rx enable=0x1 lanes=2 config=0x3 status=0x0 hs=0x301 lp=0x0 ctermen=0 csettle=684 d0termen=0 d0settle=661 d1termen=0 d1settle=661 receiver_errors=0x8601
Sep 14 23:26:10 pico-qcd kernel: intel-ipu6 intel-ipu60: trace csi 2 error snapshot: rx enable=0x1 lanes=2 config=0x3 status=0x0 hs=0x301 lp=0x0 ctermen=0 csettle=684 d0termen=0 d0settle=661 d1termen=0 d1settle=661 receiver_errors=0x681
Sep 14 23:26:10 pico-qcd kernel: intel-ipu6 intel-ipu60: trace csi 2 error snapshot: rx enable=0x1 lanes=2 config=0x3 status=0x1 hs=0x301 lp=0x0 ctermen=0 csettle=684 d0termen=0 d0settle=661 d1termen=0 d1settle=661 receiver_errors=0x681
Sep 14 23:26:10 pico-qcd kernel: intel-ipu6 intel-ipu60: trace csi 2 error snapshot: rx enable=0x1 lanes=2 config=0x3 status=0x0 hs=0x301 lp=0x0 ctermen=0 csettle=684 d0termen=0 d0settle=661 d1termen=0 d1settle=661 receiver_errors=0x8401
Sep 14 23:26:10 pico-qcd kernel: intel-ipu6 intel-ipu60: trace csi 2 error snapshot: rx enable=0x1 lanes=2 config=0x3 status=0x0 hs=0x301 lp=0x0 ctermen=0 csettle=684 d0termen=0 d0settle=661 d1termen=0 d1settle=661 receiver_errors=0x8601
Sep 14 23:26:10 pico-qcd kernel: intel-ipu6 intel-ipu60: trace csi 2 error snapshot: rx enable=0x1 lanes=2 config=0x3 status=0x0 hs=0x301 lp=0x0 ctermen=0 csettle=684 d0termen=0 d0settle=661 d1termen=0 d1settle=661 receiver_errors=0x8601
Sep 14 23:26:10 pico-qcd kernel: intel-ipu6 intel-ipu60: trace csi 2 error snapshot: rx enable=0x1 lanes=2 config=0x3 status=0x1 hs=0x301 lp=0x0 ctermen=0 csettle=684 d0termen=0 d0settle=661 d1termen=0 d1settle=661 receiver_errors=0x8681
Sep 14 23:26:10 pico-qcd kernel: intel-ipu6 intel-ipu60: trace csi 2 error snapshot: rx enable=0x1 lanes=2 config=0x3 status=0x1 hs=0x301 lp=0x0 ctermen=0 csettle=684 d0termen=0 d0settle=661 d1termen=0 d1settle=661 receiver_errors=0x481
Sep 14 23:26:11 pico-qcd kernel: intel-ipu6 intel-ipu60: trace csi 2 error snapshot: rx enable=0x1 lanes=2 config=0x3 status=0x1 hs=0x301 lp=0x0 ctermen=0 csettle=684 d0termen=0 d0settle=661 d1termen=0 d1settle=661 receiver_errors=0x8681
Sep 14 23:26:11 pico-qcd kernel: intel-ipu6 intel-ipu60: trace csi 2 error snapshot: rx enable=0x1 lanes=2 config=0x3 status=0x0 hs=0x301 lp=0x0 ctermen=0 csettle=684 d0termen=0 d0settle=661 d1termen=0 d1settle=661 receiver_errors=0x681
Sep 14 23:26:11 pico-qcd kernel: intel-ipu6 intel-ipu60: trace csi 2 error snapshot: rx enable=0x1 lanes=2 config=0x3 status=0x0 hs=0x301 lp=0x0 ctermen=0 csettle=684 d0termen=0 d0settle=661 d1termen=0 d1settle=661 receiver_errors=0x681
Sep 14 23:26:11 pico-qcd kernel: intel-ipu6 intel-ipu60: trace csi 2 error snapshot: rx enable=0x1 lanes=2 config=0x3 status=0x0 hs=0x301 lp=0x0 ctermen=0 csettle=684 d0termen=0 d0settle=661 d1termen=0 d1settle=661 receiver_errors=0x8403
Sep 14 23:26:11 pico-qcd kernel: intel-ipu6 intel-ipu60: trace csi 2 error snapshot: rx enable=0x1 lanes=2 config=0x3 status=0x1 hs=0x301 lp=0x0 ctermen=0 csettle=684 d0termen=0 d0settle=661 d1termen=0 d1settle=661 receiver_errors=0x8681
Sep 14 23:26:11 pico-qcd kernel: intel-ipu6 intel-ipu60: trace csi 2 error snapshot: rx enable=0x1 lanes=2 config=0x3 status=0x0 hs=0x301 lp=0x0 ctermen=0 csettle=684 d0termen=0 d0settle=661 d1termen=0 d1settle=661 receiver_errors=0x8601
Sep 14 23:26:11 pico-qcd kernel: intel-ipu6 intel-ipu60: trace csi 2 error snapshot: rx enable=0x1 lanes=2 config=0x3 status=0x1 hs=0x301 lp=0x0 ctermen=0 csettle=684 d0termen=0 d0settle=661 d1termen=0 d1settle=661 receiver_errors=0x8683
Sep 14 23:26:11 pico-qcd kernel: intel-ipu6 intel-ipu60: trace csi 2 error snapshot: rx enable=0x1 lanes=2 config=0x3 status=0x0 hs=0x301 lp=0x0 ctermen=0 csettle=684 d0termen=0 d0settle=661 d1termen=0 d1settle=661 receiver_errors=0x8601
Sep 14 23:26:11 pico-qcd kernel: intel-ipu6 intel-ipu60: trace csi 2 error snapshot: rx enable=0x1 lanes=2 config=0x3 status=0x0 hs=0x301 lp=0x0 ctermen=0 csettle=684 d0termen=0 d0settle=661 d1termen=0 d1settle=661 receiver_errors=0x8603
Sep 14 23:26:11 pico-qcd kernel: intel-ipu6 intel-ipu60: trace csi 2 error snapshot: rx enable=0x1 lanes=2 config=0x3 status=0x0 hs=0x301 lp=0x0 ctermen=0 csettle=684 d0termen=0 d0settle=661 d1termen=0 d1settle=661 receiver_errors=0x8681
Sep 14 23:26:11 pico-qcd kernel: intel-ipu6 intel-ipu60: trace csi 2 error snapshot: rx enable=0x1 lanes=2 config=0x3 status=0x0 hs=0x301 lp=0x0 ctermen=0 csettle=684 d0termen=0 d0settle=661 d1termen=0 d1settle=661 receiver_errors=0x8401
Sep 14 23:26:11 pico-qcd kernel: intel-ipu6 intel-ipu60: trace csi 2 error snapshot: rx enable=0x1 lanes=2 config=0x3 status=0x1 hs=0x301 lp=0x0 ctermen=0 csettle=684 d0termen=0 d0settle=661 d1termen=0 d1settle=661 receiver_errors=0x680
Sep 14 23:26:11 pico-qcd kernel: intel-ipu6 intel-ipu60: trace csi 2 error snapshot: rx enable=0x1 lanes=2 config=0x3 status=0x1 hs=0x301 lp=0x0 ctermen=0 csettle=684 d0termen=0 d0settle=661 d1termen=0 d1settle=661 receiver_errors=0x681
Sep 14 23:26:11 pico-qcd kernel: intel-ipu6 intel-ipu60: trace csi 2 error snapshot: rx enable=0x1 lanes=2 config=0x3 status=0x0 hs=0x301 lp=0x0 ctermen=0 csettle=684 d0termen=0 d0settle=661 d1termen=0 d1settle=661 receiver_errors=0x8601
Sep 14 23:26:11 pico-qcd kernel: intel-ipu6 intel-ipu60: trace csi 2 error snapshot: rx enable=0x1 lanes=2 config=0x3 status=0x0 hs=0x301 lp=0x0 ctermen=0 csettle=684 d0termen=0 d0settle=661 d1termen=0 d1settle=661 receiver_errors=0x8601
Sep 14 23:26:11 pico-qcd kernel: intel-ipu6 intel-ipu60: trace csi 2 error snapshot: rx enable=0x1 lanes=2 config=0x3 status=0x1 hs=0x301 lp=0x0 ctermen=0 csettle=684 d0termen=0 d0settle=661 d1termen=0 d1settle=661 receiver_errors=0x8601
Sep 14 23:26:12 pico-qcd kernel: intel-ipu6 intel-ipu60: trace csi 2 error snapshot: rx enable=0x1 lanes=2 config=0x3 status=0x1 hs=0x301 lp=0x0 ctermen=0 csettle=684 d0termen=0 d0settle=661 d1termen=0 d1settle=661 receiver_errors=0x480
Sep 14 23:26:12 pico-qcd kernel: intel-ipu6 intel-ipu60: trace csi 2 error snapshot: rx enable=0x1 lanes=2 config=0x3 status=0x0 hs=0x301 lp=0x0 ctermen=0 csettle=684 d0termen=0 d0settle=661 d1termen=0 d1settle=661 receiver_errors=0x8401
Sep 14 23:26:12 pico-qcd kernel: intel-ipu6 intel-ipu60: trace csi 2 error snapshot: rx enable=0x1 lanes=2 config=0x3 status=0x1 hs=0x301 lp=0x0 ctermen=0 csettle=684 d0termen=0 d0settle=661 d1termen=0 d1settle=661 receiver_errors=0x8401
Sep 14 23:26:12 pico-qcd kernel: intel-ipu6 intel-ipu60: trace csi 2 error snapshot: rx enable=0x1 lanes=2 config=0x3 status=0x0 hs=0x301 lp=0x0 ctermen=0 csettle=684 d0termen=0 d0settle=661 d1termen=0 d1settle=661 receiver_errors=0x8600
Sep 14 23:26:12 pico-qcd kernel: intel-ipu6 intel-ipu60: trace csi 2 error snapshot: rx enable=0x1 lanes=2 config=0x3 status=0x0 hs=0x301 lp=0x0 ctermen=0 csettle=684 d0termen=0 d0settle=661 d1termen=0 d1settle=661 receiver_errors=0x8601
Sep 14 23:26:12 pico-qcd kernel: intel-ipu6 intel-ipu60: trace csi 2 error snapshot: rx enable=0x1 lanes=2 config=0x3 status=0x0 hs=0x301 lp=0x0 ctermen=0 csettle=684 d0termen=0 d0settle=661 d1termen=0 d1settle=661 receiver_errors=0x8603
Sep 14 23:26:12 pico-qcd kernel: intel-ipu6 intel-ipu60: trace csi 2 error snapshot: rx enable=0x1 lanes=2 config=0x3 status=0x0 hs=0x301 lp=0x0 ctermen=0 csettle=684 d0termen=0 d0settle=661 d1termen=0 d1settle=661 receiver_errors=0x481
Sep 14 23:26:12 pico-qcd kernel: intel-ipu6 intel-ipu60: trace csi 2 error snapshot: rx enable=0x1 lanes=2 config=0x3 status=0x1 hs=0x301 lp=0x0 ctermen=0 csettle=684 d0termen=0 d0settle=661 d1termen=0 d1settle=661 receiver_errors=0x681
Sep 14 23:26:12 pico-qcd kernel: intel-ipu6 intel-ipu60: trace csi 2 error snapshot: rx enable=0x1 lanes=2 config=0x3 status=0x0 hs=0x301 lp=0x0 ctermen=0 csettle=684 d0termen=0 d0settle=661 d1termen=0 d1settle=661 receiver_errors=0x683
Sep 14 23:26:12 pico-qcd kernel: intel-ipu6 intel-ipu60: trace csi 2 error snapshot: rx enable=0x1 lanes=2 config=0x3 status=0x0 hs=0x301 lp=0x0 ctermen=0 csettle=684 d0termen=0 d0settle=661 d1termen=0 d1settle=661 receiver_errors=0x8681
Sep 14 23:26:12 pico-qcd kernel: intel-ipu6 intel-ipu60: trace csi 2 error snapshot: rx enable=0x1 lanes=2 config=0x3 status=0x0 hs=0x301 lp=0x0 ctermen=0 csettle=684 d0termen=0 d0settle=661 d1termen=0 d1settle=661 receiver_errors=0x8601
Sep 14 23:26:12 pico-qcd kernel: intel-ipu6 intel-ipu60: trace csi 2 error snapshot: rx enable=0x1 lanes=2 config=0x3 status=0x1 hs=0x301 lp=0x0 ctermen=0 csettle=684 d0termen=0 d0settle=661 d1termen=0 d1settle=661 receiver_errors=0x8401
Sep 14 23:26:12 pico-qcd kernel: intel-ipu6 intel-ipu60: trace csi 2 error snapshot: rx enable=0x1 lanes=2 config=0x3 status=0x1 hs=0x301 lp=0x0 ctermen=0 csettle=684 d0termen=0 d0settle=661 d1termen=0 d1settle=661 receiver_errors=0x481
Sep 14 23:26:12 pico-qcd kernel: intel-ipu6 intel-ipu60: trace csi 2 error snapshot: rx enable=0x1 lanes=2 config=0x3 status=0x0 hs=0x301 lp=0x0 ctermen=0 csettle=684 d0termen=0 d0settle=661 d1termen=0 d1settle=661 receiver_errors=0x8600
Sep 14 23:26:12 pico-qcd kernel: intel-ipu6 intel-ipu60: trace csi 2 error snapshot: rx enable=0x1 lanes=2 config=0x3 status=0x0 hs=0x301 lp=0x0 ctermen=0 csettle=684 d0termen=0 d0settle=661 d1termen=0 d1settle=661 receiver_errors=0x8600
Sep 14 23:26:13 pico-qcd kernel: intel-ipu6 intel-ipu60: trace csi 2 error snapshot: rx enable=0x1 lanes=2 config=0x3 status=0x0 hs=0x301 lp=0x0 ctermen=0 csettle=684 d0termen=0 d0settle=661 d1termen=0 d1settle=661 receiver_errors=0x8681
Sep 14 23:26:13 pico-qcd kernel: intel-ipu6 intel-ipu60: trace csi 2 error snapshot: rx enable=0x1 lanes=2 config=0x3 status=0x0 hs=0x301 lp=0x0 ctermen=0 csettle=684 d0termen=0 d0settle=661 d1termen=0 d1settle=661 receiver_errors=0x481
Sep 14 23:26:13 pico-qcd kernel: intel-ipu6 intel-ipu60: trace csi 2 error snapshot: rx enable=0x1 lanes=2 config=0x3 status=0x1 hs=0x301 lp=0x0 ctermen=0 csettle=684 d0termen=0 d0settle=661 d1termen=0 d1settle=661 receiver_errors=0x8601
Sep 14 23:26:13 pico-qcd kernel: intel-ipu6 intel-ipu60: trace csi 2 error snapshot: rx enable=0x1 lanes=2 config=0x3 status=0x1 hs=0x301 lp=0x0 ctermen=0 csettle=684 d0termen=0 d0settle=661 d1termen=0 d1settle=661 receiver_errors=0x8401
Sep 14 23:26:13 pico-qcd kernel: intel-ipu6 intel-ipu60: trace csi 2 error snapshot: rx enable=0x1 lanes=2 config=0x3 status=0x0 hs=0x301 lp=0x0 ctermen=0 csettle=684 d0termen=0 d0settle=661 d1termen=0 d1settle=661 receiver_errors=0x8601
Sep 14 23:26:13 pico-qcd kernel: intel-ipu6 intel-ipu60: trace csi 2 error snapshot: rx enable=0x1 lanes=2 config=0x3 status=0x0 hs=0x301 lp=0x0 ctermen=0 csettle=684 d0termen=0 d0settle=661 d1termen=0 d1settle=661 receiver_errors=0x681
Sep 14 23:26:13 pico-qcd kernel: intel-ipu6 intel-ipu60: trace csi 2 error snapshot: rx enable=0x1 lanes=2 config=0x3 status=0x0 hs=0x301 lp=0x0 ctermen=0 csettle=684 d0termen=0 d0settle=661 d1termen=0 d1settle=661 receiver_errors=0x681
Sep 14 23:26:13 pico-qcd kernel: intel-ipu6 intel-ipu60: trace csi 2 error snapshot: rx enable=0x1 lanes=2 config=0x3 status=0x0 hs=0x301 lp=0x0 ctermen=0 csettle=684 d0termen=0 d0settle=661 d1termen=0 d1settle=661 receiver_errors=0x8481
Sep 14 23:26:13 pico-qcd kernel: intel-ipu6 intel-ipu60: trace csi 2 error snapshot: rx enable=0x1 lanes=2 config=0x3 status=0x0 hs=0x301 lp=0x0 ctermen=0 csettle=684 d0termen=0 d0settle=661 d1termen=0 d1settle=661 receiver_errors=0x681
Sep 14 23:26:13 pico-qcd kernel: intel-ipu6 intel-ipu60: trace csi 2 error snapshot: rx enable=0x1 lanes=2 config=0x3 status=0x0 hs=0x301 lp=0x0 ctermen=0 csettle=684 d0termen=0 d0settle=661 d1termen=0 d1settle=661 receiver_errors=0x683
Sep 14 23:26:13 pico-qcd kernel: ipu_isys_csi2_error: 120 callbacks suppressed
Sep 14 23:26:13 pico-qcd kernel: intel-ipu6 intel-ipu60: csi2-2 error: Frame sync error
Sep 14 23:26:13 pico-qcd kernel: intel-ipu6 intel-ipu60: csi2-2 error: DPHY non-recoverable synchronization error
Sep 14 23:26:13 pico-qcd kernel: intel-ipu6 intel-ipu60: trace csi 2 error snapshot: rx enable=0x1 lanes=2 config=0x3 status=0x0 hs=0x301 lp=0x0 ctermen=0 csettle=684 d0termen=0 d0settle=661 d1termen=0 d1settle=661 receiver_errors=0x8601
Sep 14 23:26:13 pico-qcd kernel: intel-ipu6 intel-ipu60: csi2-2 error: DPHY non-recoverable synchronization error
Sep 14 23:26:13 pico-qcd kernel: intel-ipu6 intel-ipu60: trace csi 2 error snapshot: rx enable=0x1 lanes=2 config=0x3 status=0x1 hs=0x301 lp=0x0 ctermen=0 csettle=684 d0termen=0 d0settle=661 d1termen=0 d1settle=661 receiver_errors=0x681
Sep 14 23:26:13 pico-qcd kernel: intel-ipu6 intel-ipu60: csi2-2 error: Frame sync error
Sep 14 23:26:13 pico-qcd kernel: intel-ipu6 intel-ipu60: csi2-2 error: DPHY non-recoverable synchronization error
Sep 14 23:26:13 pico-qcd kernel: intel-ipu6 intel-ipu60: trace csi 2 error snapshot: rx enable=0x1 lanes=2 config=0x3 status=0x1 hs=0x301 lp=0x0 ctermen=0 csettle=684 d0termen=0 d0settle=661 d1termen=0 d1settle=661 receiver_errors=0x681
Sep 14 23:26:13 pico-qcd kernel: intel-ipu6 intel-ipu60: csi2-2 error: Frame sync error
Sep 14 23:26:13 pico-qcd kernel: intel-ipu6 intel-ipu60: csi2-2 error: DPHY non-recoverable synchronization error
Sep 14 23:26:13 pico-qcd kernel: intel-ipu6 intel-ipu60: trace csi 2 error snapshot: rx enable=0x1 lanes=2 config=0x3 status=0x0 hs=0x301 lp=0x0 ctermen=0 csettle=684 d0termen=0 d0settle=661 d1termen=0 d1settle=661 receiver_errors=0x8601
Sep 14 23:26:13 pico-qcd kernel: intel-ipu6 intel-ipu60: csi2-2 error: DPHY non-recoverable synchronization error
Sep 14 23:26:13 pico-qcd kernel: intel-ipu6 intel-ipu60: trace csi 2 error snapshot: rx enable=0x1 lanes=2 config=0x3 status=0x0 hs=0x301 lp=0x0 ctermen=0 csettle=684 d0termen=0 d0settle=661 d1termen=0 d1settle=661 receiver_errors=0x8401
Sep 14 23:26:13 pico-qcd kernel: intel-ipu6 intel-ipu60: csi2-2 error: DPHY non-recoverable synchronization error
Sep 14 23:26:14 pico-qcd kernel: intel-ipu6 intel-ipu60: trace csi 2 error snapshot: rx enable=0x1 lanes=2 config=0x3 status=0x0 hs=0x301 lp=0x0 ctermen=0 csettle=684 d0termen=0 d0settle=661 d1termen=0 d1settle=661 receiver_errors=0x681
Sep 14 23:26:14 pico-qcd kernel: intel-ipu6 intel-ipu60: csi2-2 error: Frame sync error
Sep 14 23:26:14 pico-qcd kernel: intel-ipu6 intel-ipu60: trace csi 2 error snapshot: rx enable=0x1 lanes=2 config=0x3 status=0x1 hs=0x301 lp=0x0 ctermen=0 csettle=684 d0termen=0 d0settle=661 d1termen=0 d1settle=661 receiver_errors=0x8401
Sep 14 23:26:14 pico-qcd kernel: intel-ipu6 intel-ipu60: trace csi 2 error snapshot: rx enable=0x1 lanes=2 config=0x3 status=0x1 hs=0x301 lp=0x0 ctermen=0 csettle=684 d0termen=0 d0settle=661 d1termen=0 d1settle=661 receiver_errors=0x8681
Sep 14 23:26:14 pico-qcd kernel: intel-ipu6 intel-ipu60: trace csi 2 error snapshot: rx enable=0x1 lanes=2 config=0x3 status=0x0 hs=0x301 lp=0x0 ctermen=0 csettle=684 d0termen=0 d0settle=661 d1termen=0 d1settle=661 receiver_errors=0x481
Sep 14 23:26:14 pico-qcd kernel: intel-ipu6 intel-ipu60: trace csi 2 error snapshot: rx enable=0x1 lanes=2 config=0x3 status=0x0 hs=0x301 lp=0x0 ctermen=0 csettle=684 d0termen=0 d0settle=661 d1termen=0 d1settle=661 receiver_errors=0x8601
Sep 14 23:26:14 pico-qcd kernel: intel-ipu6 intel-ipu60: trace csi 2 error snapshot: rx enable=0x1 lanes=2 config=0x3 status=0x0 hs=0x301 lp=0x0 ctermen=0 csettle=684 d0termen=0 d0settle=661 d1termen=0 d1settle=661 receiver_errors=0x8401
Sep 14 23:26:14 pico-qcd kernel: intel-ipu6 intel-ipu60: trace csi 2 error snapshot: rx enable=0x1 lanes=2 config=0x3 status=0x0 hs=0x301 lp=0x0 ctermen=0 csettle=684 d0termen=0 d0settle=661 d1termen=0 d1settle=661 receiver_errors=0x683
Sep 14 23:26:14 pico-qcd kernel: intel-ipu6 intel-ipu60: trace csi 2 error snapshot: rx enable=0x1 lanes=2 config=0x3 status=0x1 hs=0x301 lp=0x0 ctermen=0 csettle=684 d0termen=0 d0settle=661 d1termen=0 d1settle=661 receiver_errors=0x681
Sep 14 23:26:14 pico-qcd kernel: intel-ipu6 intel-ipu60: trace csi 2 error snapshot: rx enable=0x1 lanes=2 config=0x3 status=0x0 hs=0x301 lp=0x0 ctermen=0 csettle=684 d0termen=0 d0settle=661 d1termen=0 d1settle=661 receiver_errors=0x681
Sep 14 23:26:14 pico-qcd kernel: intel-ipu6 intel-ipu60: trace csi 2 error snapshot: rx enable=0x1 lanes=2 config=0x3 status=0x1 hs=0x301 lp=0x0 ctermen=0 csettle=684 d0termen=0 d0settle=661 d1termen=0 d1settle=661 receiver_errors=0x8681
Sep 14 23:26:14 pico-qcd kernel: intel-ipu6 intel-ipu60: trace csi 2 error snapshot: rx enable=0x1 lanes=2 config=0x3 status=0x1 hs=0x301 lp=0x0 ctermen=0 csettle=684 d0termen=0 d0settle=661 d1termen=0 d1settle=661 receiver_errors=0x8683
Sep 14 23:26:14 pico-qcd kernel: intel-ipu6 intel-ipu60: trace csi 2 error snapshot: rx enable=0x1 lanes=2 config=0x3 status=0x0 hs=0x301 lp=0x0 ctermen=0 csettle=684 d0termen=0 d0settle=661 d1termen=0 d1settle=661 receiver_errors=0x8681
Sep 14 23:26:14 pico-qcd kernel: intel-ipu6 intel-ipu60: trace csi 2 error snapshot: rx enable=0x1 lanes=2 config=0x3 status=0x0 hs=0x301 lp=0x0 ctermen=0 csettle=684 d0termen=0 d0settle=661 d1termen=0 d1settle=661 receiver_errors=0x8601
Sep 14 23:26:14 pico-qcd kernel: intel-ipu6 intel-ipu60: trace csi 2 error snapshot: rx enable=0x1 lanes=2 config=0x3 status=0x0 hs=0x301 lp=0x0 ctermen=0 csettle=684 d0termen=0 d0settle=661 d1termen=0 d1settle=661 receiver_errors=0x481
Sep 14 23:26:14 pico-qcd kernel: intel-ipu6 intel-ipu60: trace csi 2 error snapshot: rx enable=0x1 lanes=2 config=0x3 status=0x0 hs=0x301 lp=0x0 ctermen=0 csettle=684 d0termen=0 d0settle=661 d1termen=0 d1settle=661 receiver_errors=0x481
Sep 14 23:26:14 pico-qcd kernel: intel-ipu6 intel-ipu60: trace csi 2 error snapshot: rx enable=0x1 lanes=2 config=0x3 status=0x1 hs=0x301 lp=0x0 ctermen=0 csettle=684 d0termen=0 d0settle=661 d1termen=0 d1settle=661 receiver_errors=0x681
Sep 14 23:26:15 pico-qcd kernel: intel-ipu6 intel-ipu60: trace csi 2 error snapshot: rx enable=0x1 lanes=2 config=0x3 status=0x0 hs=0x301 lp=0x0 ctermen=0 csettle=684 d0termen=0 d0settle=661 d1termen=0 d1settle=661 receiver_errors=0x8681
Sep 14 23:26:15 pico-qcd kernel: intel-ipu6 intel-ipu60: trace csi 2 error snapshot: rx enable=0x1 lanes=2 config=0x3 status=0x1 hs=0x301 lp=0x0 ctermen=0 csettle=684 d0termen=0 d0settle=661 d1termen=0 d1settle=661 receiver_errors=0x681
Sep 14 23:26:15 pico-qcd kernel: intel-ipu6 intel-ipu60: trace csi 2 error snapshot: rx enable=0x1 lanes=2 config=0x3 status=0x1 hs=0x301 lp=0x0 ctermen=0 csettle=684 d0termen=0 d0settle=661 d1termen=0 d1settle=661 receiver_errors=0x8481
Sep 14 23:26:15 pico-qcd kernel: intel-ipu6 intel-ipu60: trace csi 2 error snapshot: rx enable=0x1 lanes=2 config=0x3 status=0x0 hs=0x301 lp=0x0 ctermen=0 csettle=684 d0termen=0 d0settle=661 d1termen=0 d1settle=661 receiver_errors=0x8601
Sep 14 23:26:15 pico-qcd kernel: intel-ipu6 intel-ipu60: trace csi 2 error snapshot: rx enable=0x1 lanes=2 config=0x3 status=0x1 hs=0x301 lp=0x0 ctermen=0 csettle=684 d0termen=0 d0settle=661 d1termen=0 d1settle=661 receiver_errors=0x681
Sep 14 23:26:15 pico-qcd kernel: intel-ipu6 intel-ipu60: trace csi 2 error snapshot: rx enable=0x1 lanes=2 config=0x3 status=0x0 hs=0x301 lp=0x0 ctermen=0 csettle=684 d0termen=0 d0settle=661 d1termen=0 d1settle=661 receiver_errors=0x8400
Sep 14 23:26:15 pico-qcd kernel: intel-ipu6 intel-ipu60: trace csi 2 error snapshot: rx enable=0x1 lanes=2 config=0x3 status=0x0 hs=0x301 lp=0x0 ctermen=0 csettle=684 d0termen=0 d0settle=661 d1termen=0 d1settle=661 receiver_errors=0x481
Sep 14 23:26:15 pico-qcd kernel: intel-ipu6 intel-ipu60: trace csi 2 error snapshot: rx enable=0x1 lanes=2 config=0x3 status=0x0 hs=0x301 lp=0x0 ctermen=0 csettle=684 d0termen=0 d0settle=661 d1termen=0 d1settle=661 receiver_errors=0x681
Sep 14 23:26:15 pico-qcd kernel: intel-ipu6 intel-ipu60: trace csi 2 error snapshot: rx enable=0x1 lanes=2 config=0x3 status=0x1 hs=0x301 lp=0x0 ctermen=0 csettle=684 d0termen=0 d0settle=661 d1termen=0 d1settle=661 receiver_errors=0x481
Sep 14 23:26:15 pico-qcd kernel: intel-ipu6 intel-ipu60: trace csi 2 error snapshot: rx enable=0x1 lanes=2 config=0x3 status=0x0 hs=0x301 lp=0x0 ctermen=0 csettle=684 d0termen=0 d0settle=661 d1termen=0 d1settle=661 receiver_errors=0x680
Sep 14 23:26:15 pico-qcd kernel: intel-ipu6 intel-ipu60: trace csi 2 error snapshot: rx enable=0x1 lanes=2 config=0x3 status=0x0 hs=0x301 lp=0x0 ctermen=0 csettle=684 d0termen=0 d0settle=661 d1termen=0 d1settle=661 receiver_errors=0x481
Sep 14 23:26:15 pico-qcd kernel: intel-ipu6 intel-ipu60: trace csi 2 error snapshot: rx enable=0x1 lanes=2 config=0x3 status=0x0 hs=0x301 lp=0x0 ctermen=0 csettle=684 d0termen=0 d0settle=661 d1termen=0 d1settle=661 receiver_errors=0x8601
Sep 14 23:26:15 pico-qcd kernel: intel-ipu6 intel-ipu60: trace csi 2 error snapshot: rx enable=0x1 lanes=2 config=0x3 status=0x0 hs=0x301 lp=0x0 ctermen=0 csettle=684 d0termen=0 d0settle=661 d1termen=0 d1settle=661 receiver_errors=0x8401
Sep 14 23:26:15 pico-qcd kernel: intel-ipu6 intel-ipu60: trace csi 2 error snapshot: rx enable=0x1 lanes=2 config=0x3 status=0x1 hs=0x301 lp=0x0 ctermen=0 csettle=684 d0termen=0 d0settle=661 d1termen=0 d1settle=661 receiver_errors=0x8681
Sep 14 23:26:15 pico-qcd kernel: intel-ipu6 intel-ipu60: trace csi 2 error snapshot: rx enable=0x1 lanes=2 config=0x3 status=0x0 hs=0x301 lp=0x0 ctermen=0 csettle=684 d0termen=0 d0settle=661 d1termen=0 d1settle=661 receiver_errors=0x481
Sep 14 23:26:15 pico-qcd kernel: intel-ipu6 intel-ipu60: trace csi 2 error snapshot: rx enable=0x1 lanes=2 config=0x3 status=0x0 hs=0x301 lp=0x0 ctermen=0 csettle=684 d0termen=0 d0settle=661 d1termen=0 d1settle=661 receiver_errors=0x681
Sep 14 23:26:15 pico-qcd kernel: intel-ipu6 intel-ipu60: trace csi 2 error snapshot: rx enable=0x1 lanes=2 config=0x3 status=0x0 hs=0x301 lp=0x0 ctermen=0 csettle=684 d0termen=0 d0settle=661 d1termen=0 d1settle=661 receiver_errors=0x8601
Sep 14 23:26:15 pico-qcd kernel: intel-ipu6 intel-ipu60: trace csi 2 error snapshot: rx enable=0x1 lanes=2 config=0x3 status=0x0 hs=0x301 lp=0x0 ctermen=0 csettle=684 d0termen=0 d0settle=661 d1termen=0 d1settle=661 receiver_errors=0x481
Sep 14 23:26:16 pico-qcd kernel: intel-ipu6 intel-ipu60: trace csi 2 error snapshot: rx enable=0x1 lanes=2 config=0x3 status=0x0 hs=0x301 lp=0x0 ctermen=0 csettle=684 d0termen=0 d0settle=661 d1termen=0 d1settle=661 receiver_errors=0x8601
Sep 14 23:26:16 pico-qcd kernel: intel-ipu6 intel-ipu60: trace csi 2 error snapshot: rx enable=0x1 lanes=2 config=0x3 status=0x0 hs=0x301 lp=0x0 ctermen=0 csettle=684 d0termen=0 d0settle=661 d1termen=0 d1settle=661 receiver_errors=0x683
Sep 14 23:26:16 pico-qcd kernel: intel-ipu6 intel-ipu60: trace csi 2 error snapshot: rx enable=0x1 lanes=2 config=0x3 status=0x0 hs=0x301 lp=0x0 ctermen=0 csettle=684 d0termen=0 d0settle=661 d1termen=0 d1settle=661 receiver_errors=0x8400
Sep 14 23:26:16 pico-qcd kernel: intel-ipu6 intel-ipu60: trace csi 2 error snapshot: rx enable=0x1 lanes=2 config=0x3 status=0x1 hs=0x301 lp=0x0 ctermen=0 csettle=684 d0termen=0 d0settle=661 d1termen=0 d1settle=661 receiver_errors=0x681
Sep 14 23:26:16 pico-qcd kernel: intel-ipu6 intel-ipu60: trace csi 2 error snapshot: rx enable=0x1 lanes=2 config=0x3 status=0x0 hs=0x301 lp=0x0 ctermen=0 csettle=684 d0termen=0 d0settle=661 d1termen=0 d1settle=661 receiver_errors=0x8603
Sep 14 23:26:16 pico-qcd kernel: intel-ipu6 intel-ipu60: trace csi 2 error snapshot: rx enable=0x1 lanes=2 config=0x3 status=0x0 hs=0x301 lp=0x0 ctermen=0 csettle=684 d0termen=0 d0settle=661 d1termen=0 d1settle=661 receiver_errors=0x8601
Sep 14 23:26:16 pico-qcd kernel: intel-ipu6 intel-ipu60: trace csi 2 error snapshot: rx enable=0x1 lanes=2 config=0x3 status=0x0 hs=0x301 lp=0x0 ctermen=0 csettle=684 d0termen=0 d0settle=661 d1termen=0 d1settle=661 receiver_errors=0x681
Sep 14 23:26:16 pico-qcd kernel: intel-ipu6 intel-ipu60: trace csi 2 error snapshot: rx enable=0x1 lanes=2 config=0x3 status=0x0 hs=0x301 lp=0x0 ctermen=0 csettle=684 d0termen=0 d0settle=661 d1termen=0 d1settle=661 receiver_errors=0x8401
Sep 14 23:26:16 pico-qcd kernel: intel-ipu6 intel-ipu60: trace csi 2 error snapshot: rx enable=0x1 lanes=2 config=0x3 status=0x1 hs=0x301 lp=0x0 ctermen=0 csettle=684 d0termen=0 d0settle=661 d1termen=0 d1settle=661 receiver_errors=0x8400
Sep 14 23:26:16 pico-qcd kernel: intel-ipu6 intel-ipu60: trace csi 2 error snapshot: rx enable=0x1 lanes=2 config=0x3 status=0x0 hs=0x301 lp=0x0 ctermen=0 csettle=684 d0termen=0 d0settle=661 d1termen=0 d1settle=661 receiver_errors=0x480
Sep 14 23:26:16 pico-qcd kernel: intel-ipu6 intel-ipu60: trace csi 2 error snapshot: rx enable=0x1 lanes=2 config=0x3 status=0x0 hs=0x301 lp=0x0 ctermen=0 csettle=684 d0termen=0 d0settle=661 d1termen=0 d1settle=661 receiver_errors=0x481
Sep 14 23:26:16 pico-qcd kernel: intel-ipu6 intel-ipu60: trace csi 2 error snapshot: rx enable=0x1 lanes=2 config=0x3 status=0x1 hs=0x301 lp=0x0 ctermen=0 csettle=684 d0termen=0 d0settle=661 d1termen=0 d1settle=661 receiver_errors=0x481
Sep 14 23:26:16 pico-qcd kernel: intel-ipu6 intel-ipu60: trace csi 2 error snapshot: rx enable=0x1 lanes=2 config=0x3 status=0x0 hs=0x301 lp=0x0 ctermen=0 csettle=684 d0termen=0 d0settle=661 d1termen=0 d1settle=661 receiver_errors=0x480
Sep 14 23:26:16 pico-qcd kernel: intel-ipu6 intel-ipu60: trace csi 2 error snapshot: rx enable=0x1 lanes=2 config=0x3 status=0x0 hs=0x301 lp=0x0 ctermen=0 csettle=684 d0termen=0 d0settle=661 d1termen=0 d1settle=661 receiver_errors=0x8400
Sep 14 23:26:16 pico-qcd kernel: intel-ipu6 intel-ipu60: trace csi 2 error snapshot: rx enable=0x1 lanes=2 config=0x3 status=0x1 hs=0x301 lp=0x0 ctermen=0 csettle=684 d0termen=0 d0settle=661 d1termen=0 d1settle=661 receiver_errors=0x8601
Sep 14 23:26:16 pico-qcd kernel: intel-ipu6 intel-ipu60: trace csi 2 error snapshot: rx enable=0x1 lanes=2 config=0x3 status=0x0 hs=0x301 lp=0x0 ctermen=0 csettle=684 d0termen=0 d0settle=661 d1termen=0 d1settle=661 receiver_errors=0x681
Sep 14 23:26:16 pico-qcd kernel: intel-ipu6 intel-ipu60: trace csi 2 error snapshot: rx enable=0x1 lanes=2 config=0x3 status=0x0 hs=0x301 lp=0x0 ctermen=0 csettle=684 d0termen=0 d0settle=661 d1termen=0 d1settle=661 receiver_errors=0x8681
Sep 14 23:26:16 pico-qcd kernel: intel-ipu6 intel-ipu60: trace csi 2 error snapshot: rx enable=0x1 lanes=2 config=0x3 status=0x0 hs=0x301 lp=0x0 ctermen=0 csettle=684 d0termen=0 d0settle=661 d1termen=0 d1settle=661 receiver_errors=0x681
Sep 14 23:26:16 pico-qcd kernel: intel-ipu6 intel-ipu60: trace csi 2 error snapshot: rx enable=0x1 lanes=2 config=0x3 status=0x0 hs=0x301 lp=0x0 ctermen=0 csettle=684 d0termen=0 d0settle=661 d1termen=0 d1settle=661 receiver_errors=0x481
Sep 14 23:26:16 pico-qcd kernel: intel-ipu6 intel-ipu60: trace csi 2 error snapshot: rx enable=0x1 lanes=2 config=0x3 status=0x0 hs=0x301 lp=0x0 ctermen=0 csettle=684 d0termen=0 d0settle=661 d1termen=0 d1settle=661 receiver_errors=0x8683
Sep 14 23:26:17 pico-qcd kernel: intel-ipu6 intel-ipu60: trace csi 2 error snapshot: rx enable=0x1 lanes=2 config=0x3 status=0x1 hs=0x301 lp=0x0 ctermen=0 csettle=684 d0termen=0 d0settle=661 d1termen=0 d1settle=661 receiver_errors=0x8601
Sep 14 23:26:17 pico-qcd kernel: intel-ipu6 intel-ipu60: trace csi 2 error snapshot: rx enable=0x1 lanes=2 config=0x3 status=0x1 hs=0x301 lp=0x0 ctermen=0 csettle=684 d0termen=0 d0settle=661 d1termen=0 d1settle=661 receiver_errors=0x8601
Sep 14 23:26:17 pico-qcd kernel: intel-ipu6 intel-ipu60: trace csi 2 error snapshot: rx enable=0x1 lanes=2 config=0x3 status=0x0 hs=0x301 lp=0x0 ctermen=0 csettle=684 d0termen=0 d0settle=661 d1termen=0 d1settle=661 receiver_errors=0x681
Sep 14 23:26:17 pico-qcd kernel: intel-ipu6 intel-ipu60: trace csi 2 error snapshot: rx enable=0x1 lanes=2 config=0x3 status=0x0 hs=0x301 lp=0x0 ctermen=0 csettle=684 d0termen=0 d0settle=661 d1termen=0 d1settle=661 receiver_errors=0x8681
Sep 14 23:26:17 pico-qcd kernel: intel-ipu6 intel-ipu60: trace csi 2 error snapshot: rx enable=0x1 lanes=2 config=0x3 status=0x0 hs=0x301 lp=0x0 ctermen=0 csettle=684 d0termen=0 d0settle=661 d1termen=0 d1settle=661 receiver_errors=0x680
Sep 14 23:26:17 pico-qcd kernel: intel-ipu6 intel-ipu60: trace csi 2 error snapshot: rx enable=0x1 lanes=2 config=0x3 status=0x0 hs=0x301 lp=0x0 ctermen=0 csettle=684 d0termen=0 d0settle=661 d1termen=0 d1settle=661 receiver_errors=0x481
Sep 14 23:26:17 pico-qcd kernel: intel-ipu6 intel-ipu60: trace csi 2 error snapshot: rx enable=0x1 lanes=2 config=0x3 status=0x0 hs=0x301 lp=0x0 ctermen=0 csettle=684 d0termen=0 d0settle=661 d1termen=0 d1settle=661 receiver_errors=0x8601
Sep 14 23:26:17 pico-qcd kernel: intel-ipu6 intel-ipu60: trace csi 2 error snapshot: rx enable=0x1 lanes=2 config=0x3 status=0x0 hs=0x301 lp=0x0 ctermen=0 csettle=684 d0termen=0 d0settle=661 d1termen=0 d1settle=661 receiver_errors=0x8601
Sep 14 23:26:17 pico-qcd kernel: intel-ipu6 intel-ipu60: trace csi 2 error snapshot: rx enable=0x1 lanes=2 config=0x3 status=0x0 hs=0x301 lp=0x0 ctermen=0 csettle=684 d0termen=0 d0settle=661 d1termen=0 d1settle=661 receiver_errors=0x8481
Sep 14 23:26:17 pico-qcd kernel: intel-ipu6 intel-ipu60: trace csi 2 error snapshot: rx enable=0x1 lanes=2 config=0x3 status=0x0 hs=0x301 lp=0x0 ctermen=0 csettle=684 d0termen=0 d0settle=661 d1termen=0 d1settle=661 receiver_errors=0x681
Sep 14 23:26:17 pico-qcd kernel: intel-ipu6 intel-ipu60: trace csi 2 error snapshot: rx enable=0x1 lanes=2 config=0x3 status=0x0 hs=0x301 lp=0x0 ctermen=0 csettle=684 d0termen=0 d0settle=661 d1termen=0 d1settle=661 receiver_errors=0x481
Sep 14 23:26:17 pico-qcd kernel: intel-ipu6 intel-ipu60: trace csi 2 error snapshot: rx enable=0x1 lanes=2 config=0x3 status=0x1 hs=0x301 lp=0x0 ctermen=0 csettle=684 d0termen=0 d0settle=661 d1termen=0 d1settle=661 receiver_errors=0x681
Sep 14 23:26:17 pico-qcd kernel: intel-ipu6 intel-ipu60: trace csi 2 error snapshot: rx enable=0x1 lanes=2 config=0x3 status=0x1 hs=0x301 lp=0x0 ctermen=0 csettle=684 d0termen=0 d0settle=661 d1termen=0 d1settle=661 receiver_errors=0x680
Sep 14 23:26:17 pico-qcd kernel: intel-ipu6 intel-ipu60: trace csi 2 error snapshot: rx enable=0x1 lanes=2 config=0x3 status=0x0 hs=0x301 lp=0x0 ctermen=0 csettle=684 d0termen=0 d0settle=661 d1termen=0 d1settle=661 receiver_errors=0x681
Sep 14 23:26:17 pico-qcd kernel: intel-ipu6 intel-ipu60: trace csi 2 error snapshot: rx enable=0x1 lanes=2 config=0x3 status=0x0 hs=0x301 lp=0x0 ctermen=0 csettle=684 d0termen=0 d0settle=661 d1termen=0 d1settle=661 receiver_errors=0x8401
Sep 14 23:26:17 pico-qcd kernel: intel-ipu6 intel-ipu60: trace csi 2 error snapshot: rx enable=0x1 lanes=2 config=0x3 status=0x1 hs=0x301 lp=0x0 ctermen=0 csettle=684 d0termen=0 d0settle=661 d1termen=0 d1settle=661 receiver_errors=0x8601
Sep 14 23:26:18 pico-qcd kernel: intel-ipu6 intel-ipu60: trace csi 2 error snapshot: rx enable=0x1 lanes=2 config=0x3 status=0x0 hs=0x301 lp=0x0 ctermen=0 csettle=684 d0termen=0 d0settle=661 d1termen=0 d1settle=661 receiver_errors=0x681
Sep 14 23:26:18 pico-qcd kernel: intel-ipu6 intel-ipu60: trace csi 2 error snapshot: rx enable=0x1 lanes=2 config=0x3 status=0x0 hs=0x301 lp=0x0 ctermen=0 csettle=684 d0termen=0 d0settle=661 d1termen=0 d1settle=661 receiver_errors=0x8401
Sep 14 23:26:18 pico-qcd kernel: intel-ipu6 intel-ipu60: trace csi 2 error snapshot: rx enable=0x1 lanes=2 config=0x3 status=0x0 hs=0x301 lp=0x0 ctermen=0 csettle=684 d0termen=0 d0settle=661 d1termen=0 d1settle=661 receiver_errors=0x481
Sep 14 23:26:18 pico-qcd kernel: intel-ipu6 intel-ipu60: trace csi 2 error snapshot: rx enable=0x1 lanes=2 config=0x3 status=0x0 hs=0x301 lp=0x0 ctermen=0 csettle=684 d0termen=0 d0settle=661 d1termen=0 d1settle=661 receiver_errors=0x8683
Sep 14 23:26:18 pico-qcd kernel: intel-ipu6 intel-ipu60: trace csi 2 error snapshot: rx enable=0x1 lanes=2 config=0x3 status=0x0 hs=0x301 lp=0x0 ctermen=0 csettle=684 d0termen=0 d0settle=661 d1termen=0 d1settle=661 receiver_errors=0x8681
Sep 14 23:26:18 pico-qcd kernel: intel-ipu6 intel-ipu60: trace csi 2 error snapshot: rx enable=0x1 lanes=2 config=0x3 status=0x0 hs=0x301 lp=0x0 ctermen=0 csettle=684 d0termen=0 d0settle=661 d1termen=0 d1settle=661 receiver_errors=0x683
Sep 14 23:26:18 pico-qcd kernel: intel-ipu6 intel-ipu60: trace csi 2 error snapshot: rx enable=0x1 lanes=2 config=0x3 status=0x1 hs=0x301 lp=0x0 ctermen=0 csettle=684 d0termen=0 d0settle=661 d1termen=0 d1settle=661 receiver_errors=0x8601
Sep 14 23:26:18 pico-qcd kernel: intel-ipu6 intel-ipu60: trace csi 2 error snapshot: rx enable=0x1 lanes=2 config=0x3 status=0x1 hs=0x301 lp=0x0 ctermen=0 csettle=684 d0termen=0 d0settle=661 d1termen=0 d1settle=661 receiver_errors=0x8601
Sep 14 23:26:18 pico-qcd kernel: ipu_isys_csi2_error: 128 callbacks suppressed
Sep 14 23:26:18 pico-qcd kernel: intel-ipu6 intel-ipu60: csi2-2 error: DPHY non-recoverable synchronization error
Sep 14 23:26:18 pico-qcd kernel: intel-ipu6 intel-ipu60: trace csi 2 error snapshot: rx enable=0x1 lanes=2 config=0x3 status=0x0 hs=0x301 lp=0x0 ctermen=0 csettle=684 d0termen=0 d0settle=661 d1termen=0 d1settle=661 receiver_errors=0x681
Sep 14 23:26:18 pico-qcd kernel: intel-ipu6 intel-ipu60: csi2-2 error: Frame sync error
Sep 14 23:26:18 pico-qcd kernel: intel-ipu6 intel-ipu60: csi2-2 error: DPHY non-recoverable synchronization error
Sep 14 23:26:18 pico-qcd kernel: intel-ipu6 intel-ipu60: trace csi 2 error snapshot: rx enable=0x1 lanes=2 config=0x3 status=0x0 hs=0x301 lp=0x0 ctermen=0 csettle=684 d0termen=0 d0settle=661 d1termen=0 d1settle=661 receiver_errors=0x681
Sep 14 23:26:18 pico-qcd kernel: intel-ipu6 intel-ipu60: csi2-2 error: Frame sync error
Sep 14 23:26:18 pico-qcd kernel: intel-ipu6 intel-ipu60: csi2-2 error: DPHY non-recoverable synchronization error
Sep 14 23:26:18 pico-qcd kernel: intel-ipu6 intel-ipu60: trace csi 2 error snapshot: rx enable=0x1 lanes=2 config=0x3 status=0x0 hs=0x301 lp=0x0 ctermen=0 csettle=684 d0termen=0 d0settle=661 d1termen=0 d1settle=661 receiver_errors=0x8601
Sep 14 23:26:18 pico-qcd kernel: intel-ipu6 intel-ipu60: csi2-2 error: DPHY non-recoverable synchronization error
Sep 14 23:26:18 pico-qcd kernel: intel-ipu6 intel-ipu60: trace csi 2 error snapshot: rx enable=0x1 lanes=2 config=0x3 status=0x1 hs=0x301 lp=0x0 ctermen=0 csettle=684 d0termen=0 d0settle=661 d1termen=0 d1settle=661 receiver_errors=0x8601
Sep 14 23:26:18 pico-qcd kernel: intel-ipu6 intel-ipu60: csi2-2 error: DPHY non-recoverable synchronization error
Sep 14 23:26:18 pico-qcd kernel: intel-ipu6 intel-ipu60: trace csi 2 error snapshot: rx enable=0x1 lanes=2 config=0x3 status=0x0 hs=0x301 lp=0x0 ctermen=0 csettle=684 d0termen=0 d0settle=661 d1termen=0 d1settle=661 receiver_errors=0x8601
Sep 14 23:26:18 pico-qcd kernel: intel-ipu6 intel-ipu60: csi2-2 error: DPHY non-recoverable synchronization error
Sep 14 23:26:18 pico-qcd kernel: intel-ipu6 intel-ipu60: trace csi 2 error snapshot: rx enable=0x1 lanes=2 config=0x3 status=0x1 hs=0x301 lp=0x0 ctermen=0 csettle=684 d0termen=0 d0settle=661 d1termen=0 d1settle=661 receiver_errors=0x481
Sep 14 23:26:18 pico-qcd kernel: intel-ipu6 intel-ipu60: csi2-2 error: Frame sync error
Sep 14 23:26:18 pico-qcd kernel: intel-ipu6 intel-ipu60: csi2-2 error: DPHY non-recoverable synchronization error
Sep 14 23:26:18 pico-qcd kernel: intel-ipu6 intel-ipu60: trace csi 2 error snapshot: rx enable=0x1 lanes=2 config=0x3 status=0x1 hs=0x301 lp=0x0 ctermen=0 csettle=684 d0termen=0 d0settle=661 d1termen=0 d1settle=661 receiver_errors=0x8603
Sep 14 23:26:19 pico-qcd kernel: intel-ipu6 intel-ipu60: trace csi 2 error snapshot: rx enable=0x1 lanes=2 config=0x3 status=0x0 hs=0x301 lp=0x0 ctermen=0 csettle=684 d0termen=0 d0settle=661 d1termen=0 d1settle=661 receiver_errors=0x8683
Sep 14 23:26:19 pico-qcd kernel: intel-ipu6 intel-ipu60: trace csi 2 error snapshot: rx enable=0x1 lanes=2 config=0x3 status=0x1 hs=0x301 lp=0x0 ctermen=0 csettle=684 d0termen=0 d0settle=661 d1termen=0 d1settle=661 receiver_errors=0x681
Sep 14 23:26:19 pico-qcd kernel: intel-ipu6 intel-ipu60: trace csi 2 error snapshot: rx enable=0x1 lanes=2 config=0x3 status=0x0 hs=0x301 lp=0x0 ctermen=0 csettle=684 d0termen=0 d0settle=661 d1termen=0 d1settle=661 receiver_errors=0x481
Sep 14 23:26:19 pico-qcd kernel: intel-ipu6 intel-ipu60: trace csi 2 error snapshot: rx enable=0x1 lanes=2 config=0x3 status=0x0 hs=0x301 lp=0x0 ctermen=0 csettle=684 d0termen=0 d0settle=661 d1termen=0 d1settle=661 receiver_errors=0x8601
Sep 14 23:26:19 pico-qcd kernel: intel-ipu6 intel-ipu60: trace csi 2 error snapshot: rx enable=0x1 lanes=2 config=0x3 status=0x1 hs=0x301 lp=0x0 ctermen=0 csettle=684 d0termen=0 d0settle=661 d1termen=0 d1settle=661 receiver_errors=0x481
Sep 14 23:26:19 pico-qcd kernel: intel-ipu6 intel-ipu60: trace csi 2 error snapshot: rx enable=0x1 lanes=2 config=0x3 status=0x1 hs=0x301 lp=0x0 ctermen=0 csettle=684 d0termen=0 d0settle=661 d1termen=0 d1settle=661 receiver_errors=0x8401
Sep 14 23:26:19 pico-qcd kernel: intel-ipu6 intel-ipu60: trace csi 2 error snapshot: rx enable=0x1 lanes=2 config=0x3 status=0x1 hs=0x301 lp=0x0 ctermen=0 csettle=684 d0termen=0 d0settle=661 d1termen=0 d1settle=661 receiver_errors=0x8401
Sep 14 23:26:19 pico-qcd kernel: intel-ipu6 intel-ipu60: trace csi 2 error snapshot: rx enable=0x1 lanes=2 config=0x3 status=0x1 hs=0x301 lp=0x0 ctermen=0 csettle=684 d0termen=0 d0settle=661 d1termen=0 d1settle=661 receiver_errors=0x8603
Sep 14 23:26:19 pico-qcd kernel: intel-ipu6 intel-ipu60: trace csi 2 error snapshot: rx enable=0x1 lanes=2 config=0x3 status=0x1 hs=0x301 lp=0x0 ctermen=0 csettle=684 d0termen=0 d0settle=661 d1termen=0 d1settle=661 receiver_errors=0x681
Sep 14 23:26:19 pico-qcd kernel: intel-ipu6 intel-ipu60: trace csi 2 error snapshot: rx enable=0x1 lanes=2 config=0x3 status=0x1 hs=0x301 lp=0x0 ctermen=0 csettle=684 d0termen=0 d0settle=661 d1termen=0 d1settle=661 receiver_errors=0x681
Sep 14 23:26:19 pico-qcd kernel: intel-ipu6 intel-ipu60: trace csi 2 error snapshot: rx enable=0x1 lanes=2 config=0x3 status=0x0 hs=0x301 lp=0x0 ctermen=0 csettle=684 d0termen=0 d0settle=661 d1termen=0 d1settle=661 receiver_errors=0x8681
Sep 14 23:26:19 pico-qcd kernel: intel-ipu6 intel-ipu60: trace csi 2 error snapshot: rx enable=0x1 lanes=2 config=0x3 status=0x0 hs=0x301 lp=0x0 ctermen=0 csettle=684 d0termen=0 d0settle=661 d1termen=0 d1settle=661 receiver_errors=0x681
Sep 14 23:26:19 pico-qcd kernel: intel-ipu6 intel-ipu60: trace csi 2 error snapshot: rx enable=0x1 lanes=2 config=0x3 status=0x1 hs=0x301 lp=0x0 ctermen=0 csettle=684 d0termen=0 d0settle=661 d1termen=0 d1settle=661 receiver_errors=0x681
Sep 14 23:26:19 pico-qcd kernel: intel-ipu6 intel-ipu60: trace csi 2 error snapshot: rx enable=0x1 lanes=2 config=0x3 status=0x1 hs=0x301 lp=0x0 ctermen=0 csettle=684 d0termen=0 d0settle=661 d1termen=0 d1settle=661 receiver_errors=0x8601
Sep 14 23:26:19 pico-qcd kernel: intel-ipu6 intel-ipu60: trace csi 2 error snapshot: rx enable=0x1 lanes=2 config=0x3 status=0x0 hs=0x301 lp=0x0 ctermen=0 csettle=684 d0termen=0 d0settle=661 d1termen=0 d1settle=661 receiver_errors=0x8401
Sep 14 23:26:19 pico-qcd kernel: intel-ipu6 intel-ipu60: trace csi 2 error snapshot: rx enable=0x1 lanes=2 config=0x3 status=0x0 hs=0x301 lp=0x0 ctermen=0 csettle=684 d0termen=0 d0settle=661 d1termen=0 d1settle=661 receiver_errors=0x681
Sep 14 23:26:19 pico-qcd kernel: intel-ipu6 intel-ipu60: trace csi 2 error snapshot: rx enable=0x1 lanes=2 config=0x3 status=0x1 hs=0x301 lp=0x0 ctermen=0 csettle=684 d0termen=0 d0settle=661 d1termen=0 d1settle=661 receiver_errors=0x8601
Sep 14 23:26:19 pico-qcd kernel: intel-ipu6 intel-ipu60: trace csi 2 error snapshot: rx enable=0x1 lanes=2 config=0x3 status=0x1 hs=0x301 lp=0x0 ctermen=0 csettle=684 d0termen=0 d0settle=661 d1termen=0 d1settle=661 receiver_errors=0x8481
Sep 14 23:26:19 pico-qcd kernel: intel-ipu6 intel-ipu60: trace csi 2 error snapshot: rx enable=0x1 lanes=2 config=0x3 status=0x0 hs=0x301 lp=0x0 ctermen=0 csettle=684 d0termen=0 d0settle=661 d1termen=0 d1settle=661 receiver_errors=0x8601
Sep 14 23:26:20 pico-qcd kernel: intel-ipu6 intel-ipu60: trace csi 2 error snapshot: rx enable=0x1 lanes=2 config=0x3 status=0x1 hs=0x301 lp=0x0 ctermen=0 csettle=684 d0termen=0 d0settle=661 d1termen=0 d1settle=661 receiver_errors=0x481
Sep 14 23:26:20 pico-qcd kernel: intel-ipu6 intel-ipu60: trace csi 2 error snapshot: rx enable=0x1 lanes=2 config=0x3 status=0x0 hs=0x301 lp=0x0 ctermen=0 csettle=684 d0termen=0 d0settle=661 d1termen=0 d1settle=661 receiver_errors=0x8601
Sep 14 23:26:20 pico-qcd kernel: intel-ipu6 intel-ipu60: trace csi 2 error snapshot: rx enable=0x1 lanes=2 config=0x3 status=0x1 hs=0x301 lp=0x0 ctermen=0 csettle=684 d0termen=0 d0settle=661 d1termen=0 d1settle=661 receiver_errors=0x8681
Sep 14 23:26:20 pico-qcd kernel: intel-ipu6 intel-ipu60: trace csi 2 error snapshot: rx enable=0x1 lanes=2 config=0x3 status=0x0 hs=0x301 lp=0x0 ctermen=0 csettle=684 d0termen=0 d0settle=661 d1termen=0 d1settle=661 receiver_errors=0x481
Sep 14 23:26:20 pico-qcd kernel: intel-ipu6 intel-ipu60: trace csi 2 error snapshot: rx enable=0x1 lanes=2 config=0x3 status=0x1 hs=0x301 lp=0x0 ctermen=0 csettle=684 d0termen=0 d0settle=661 d1termen=0 d1settle=661 receiver_errors=0x8600
Sep 14 23:26:20 pico-qcd kernel: intel-ipu6 intel-ipu60: trace csi 2 error snapshot: rx enable=0x1 lanes=2 config=0x3 status=0x0 hs=0x301 lp=0x0 ctermen=0 csettle=684 d0termen=0 d0settle=661 d1termen=0 d1settle=661 receiver_errors=0x8601
Sep 14 23:26:20 pico-qcd kernel: intel-ipu6 intel-ipu60: trace csi 2 error snapshot: rx enable=0x1 lanes=2 config=0x3 status=0x0 hs=0x301 lp=0x0 ctermen=0 csettle=684 d0termen=0 d0settle=661 d1termen=0 d1settle=661 receiver_errors=0x681
Sep 14 23:26:20 pico-qcd kernel: intel-ipu6 intel-ipu60: trace csi 2 error snapshot: rx enable=0x1 lanes=2 config=0x3 status=0x1 hs=0x301 lp=0x0 ctermen=0 csettle=684 d0termen=0 d0settle=661 d1termen=0 d1settle=661 receiver_errors=0x683
Sep 14 23:26:20 pico-qcd kernel: intel-ipu6 intel-ipu60: trace csi 2 error snapshot: rx enable=0x1 lanes=2 config=0x3 status=0x0 hs=0x301 lp=0x0 ctermen=0 csettle=684 d0termen=0 d0settle=661 d1termen=0 d1settle=661 receiver_errors=0x680
Sep 14 23:26:20 pico-qcd kernel: intel-ipu6 intel-ipu60: trace csi 2 error snapshot: rx enable=0x1 lanes=2 config=0x3 status=0x0 hs=0x301 lp=0x0 ctermen=0 csettle=684 d0termen=0 d0settle=661 d1termen=0 d1settle=661 receiver_errors=0x8601
Sep 14 23:26:20 pico-qcd kernel: intel-ipu6 intel-ipu60: trace csi 2 error snapshot: rx enable=0x1 lanes=2 config=0x3 status=0x1 hs=0x301 lp=0x0 ctermen=0 csettle=684 d0termen=0 d0settle=661 d1termen=0 d1settle=661 receiver_errors=0x480
Sep 14 23:26:20 pico-qcd kernel: intel-ipu6 intel-ipu60: trace csi 2 error snapshot: rx enable=0x1 lanes=2 config=0x3 status=0x0 hs=0x301 lp=0x0 ctermen=0 csettle=684 d0termen=0 d0settle=661 d1termen=0 d1settle=661 receiver_errors=0x481
Sep 14 23:26:20 pico-qcd kernel: intel-ipu6 intel-ipu60: trace csi 2 error snapshot: rx enable=0x1 lanes=2 config=0x3 status=0x0 hs=0x301 lp=0x0 ctermen=0 csettle=684 d0termen=0 d0settle=661 d1termen=0 d1settle=661 receiver_errors=0x8681
Sep 14 23:26:20 pico-qcd kernel: intel-ipu6 intel-ipu60: trace csi 2 error snapshot: rx enable=0x1 lanes=2 config=0x3 status=0x0 hs=0x301 lp=0x0 ctermen=0 csettle=684 d0termen=0 d0settle=661 d1termen=0 d1settle=661 receiver_errors=0x8601
Sep 14 23:26:20 pico-qcd kernel: intel-ipu6 intel-ipu60: trace csi 2 error snapshot: rx enable=0x1 lanes=2 config=0x3 status=0x0 hs=0x301 lp=0x0 ctermen=0 csettle=684 d0termen=0 d0settle=661 d1termen=0 d1settle=661 receiver_errors=0x8401
Sep 14 23:26:20 pico-qcd kernel: intel-ipu6 intel-ipu60: trace csi 2 error snapshot: rx enable=0x1 lanes=2 config=0x3 status=0x1 hs=0x301 lp=0x0 ctermen=0 csettle=684 d0termen=0 d0settle=661 d1termen=0 d1settle=661 receiver_errors=0x481
Sep 14 23:26:20 pico-qcd kernel: intel-ipu6 intel-ipu60: trace csi 2 error snapshot: rx enable=0x1 lanes=2 config=0x3 status=0x0 hs=0x301 lp=0x0 ctermen=0 csettle=684 d0termen=0 d0settle=661 d1termen=0 d1settle=661 receiver_errors=0x8603
Sep 14 23:26:21 pico-qcd kernel: intel-ipu6 intel-ipu60: trace csi 2 error snapshot: rx enable=0x1 lanes=2 config=0x3 status=0x0 hs=0x301 lp=0x0 ctermen=0 csettle=684 d0termen=0 d0settle=661 d1termen=0 d1settle=661 receiver_errors=0x8601
Sep 14 23:26:21 pico-qcd kernel: intel-ipu6 intel-ipu60: trace csi 2 error snapshot: rx enable=0x1 lanes=2 config=0x3 status=0x1 hs=0x301 lp=0x0 ctermen=0 csettle=684 d0termen=0 d0settle=661 d1termen=0 d1settle=661 receiver_errors=0x8603
Sep 14 23:26:21 pico-qcd kernel: intel-ipu6 intel-ipu60: trace csi 2 error snapshot: rx enable=0x1 lanes=2 config=0x3 status=0x0 hs=0x301 lp=0x0 ctermen=0 csettle=684 d0termen=0 d0settle=661 d1termen=0 d1settle=661 receiver_errors=0x8483
Sep 14 23:26:21 pico-qcd kernel: intel-ipu6 intel-ipu60: trace csi 2 error snapshot: rx enable=0x1 lanes=2 config=0x3 status=0x0 hs=0x301 lp=0x0 ctermen=0 csettle=684 d0termen=0 d0settle=661 d1termen=0 d1settle=661 receiver_errors=0x8683
Sep 14 23:26:21 pico-qcd kernel: intel-ipu6 intel-ipu60: trace csi 2 error snapshot: rx enable=0x1 lanes=2 config=0x3 status=0x0 hs=0x301 lp=0x0 ctermen=0 csettle=684 d0termen=0 d0settle=661 d1termen=0 d1settle=661 receiver_errors=0x681
Sep 14 23:26:21 pico-qcd kernel: intel-ipu6 intel-ipu60: trace csi 2 error snapshot: rx enable=0x1 lanes=2 config=0x3 status=0x0 hs=0x301 lp=0x0 ctermen=0 csettle=684 d0termen=0 d0settle=661 d1termen=0 d1settle=661 receiver_errors=0x8601
Sep 14 23:26:21 pico-qcd kernel: intel-ipu6 intel-ipu60: trace csi 2 error snapshot: rx enable=0x1 lanes=2 config=0x3 status=0x0 hs=0x301 lp=0x0 ctermen=0 csettle=684 d0termen=0 d0settle=661 d1termen=0 d1settle=661 receiver_errors=0x681
Sep 14 23:26:21 pico-qcd kernel: intel-ipu6 intel-ipu60: trace csi 2 error snapshot: rx enable=0x1 lanes=2 config=0x3 status=0x1 hs=0x301 lp=0x0 ctermen=0 csettle=684 d0termen=0 d0settle=661 d1termen=0 d1settle=661 receiver_errors=0x681
Sep 14 23:26:21 pico-qcd kernel: intel-ipu6 intel-ipu60: trace csi 2 error snapshot: rx enable=0x1 lanes=2 config=0x3 status=0x1 hs=0x301 lp=0x0 ctermen=0 csettle=684 d0termen=0 d0settle=661 d1termen=0 d1settle=661 receiver_errors=0x8601
Sep 14 23:26:21 pico-qcd kernel: intel-ipu6 intel-ipu60: trace csi 2 error snapshot: rx enable=0x1 lanes=2 config=0x3 status=0x0 hs=0x301 lp=0x0 ctermen=0 csettle=684 d0termen=0 d0settle=661 d1termen=0 d1settle=661 receiver_errors=0x8681
Sep 14 23:26:21 pico-qcd kernel: intel-ipu6 intel-ipu60: trace csi 2 error snapshot: rx enable=0x1 lanes=2 config=0x3 status=0x0 hs=0x301 lp=0x0 ctermen=0 csettle=684 d0termen=0 d0settle=661 d1termen=0 d1settle=661 receiver_errors=0x681
Sep 14 23:26:22 pico-qcd kernel: intel-ipu6 intel-ipu60: trace csi 2 error snapshot: rx enable=0x1 lanes=2 config=0x3 status=0x0 hs=0x301 lp=0x0 ctermen=0 csettle=684 d0termen=0 d0settle=661 d1termen=0 d1settle=661 receiver_errors=0x8601
Sep 14 23:26:22 pico-qcd kernel: intel-ipu6 intel-ipu60: trace csi 2 error snapshot: rx enable=0x1 lanes=2 config=0x3 status=0x1 hs=0x301 lp=0x0 ctermen=0 csettle=684 d0termen=0 d0settle=661 d1termen=0 d1settle=661 receiver_errors=0x683
Sep 14 23:26:22 pico-qcd kernel: intel-ipu6 intel-ipu60: trace csi 2 error snapshot: rx enable=0x1 lanes=2 config=0x3 status=0x1 hs=0x301 lp=0x0 ctermen=0 csettle=684 d0termen=0 d0settle=661 d1termen=0 d1settle=661 receiver_errors=0x8601
Sep 14 23:26:22 pico-qcd kernel: intel-ipu6 intel-ipu60: trace csi 2 error snapshot: rx enable=0x1 lanes=2 config=0x3 status=0x0 hs=0x301 lp=0x0 ctermen=0 csettle=684 d0termen=0 d0settle=661 d1termen=0 d1settle=661 receiver_errors=0x681
Sep 14 23:26:22 pico-qcd kernel: intel-ipu6 intel-ipu60: trace csi 2 error snapshot: rx enable=0x1 lanes=2 config=0x3 status=0x0 hs=0x301 lp=0x0 ctermen=0 csettle=684 d0termen=0 d0settle=661 d1termen=0 d1settle=661 receiver_errors=0x8683
Sep 14 23:26:22 pico-qcd kernel: intel-ipu6 intel-ipu60: trace csi 2 error snapshot: rx enable=0x1 lanes=2 config=0x3 status=0x1 hs=0x301 lp=0x0 ctermen=0 csettle=684 d0termen=0 d0settle=661 d1termen=0 d1settle=661 receiver_errors=0x8681
Sep 14 23:26:22 pico-qcd kernel: intel-ipu6 intel-ipu60: trace csi 2 error snapshot: rx enable=0x1 lanes=2 config=0x3 status=0x1 hs=0x301 lp=0x0 ctermen=0 csettle=684 d0termen=0 d0settle=661 d1termen=0 d1settle=661 receiver_errors=0x8601
Sep 14 23:26:22 pico-qcd kernel: intel-ipu6 intel-ipu60: trace csi 2 error snapshot: rx enable=0x1 lanes=2 config=0x3 status=0x1 hs=0x301 lp=0x0 ctermen=0 csettle=684 d0termen=0 d0settle=661 d1termen=0 d1settle=661 receiver_errors=0x8601
Sep 14 23:26:22 pico-qcd kernel: intel-ipu6 intel-ipu60: trace csi 2 error snapshot: rx enable=0x1 lanes=2 config=0x3 status=0x1 hs=0x301 lp=0x0 ctermen=0 csettle=684 d0termen=0 d0settle=661 d1termen=0 d1settle=661 receiver_errors=0x681
Sep 14 23:26:22 pico-qcd kernel: intel-ipu6 intel-ipu60: trace csi 2 error snapshot: rx enable=0x1 lanes=2 config=0x3 status=0x0 hs=0x301 lp=0x0 ctermen=0 csettle=684 d0termen=0 d0settle=661 d1termen=0 d1settle=661 receiver_errors=0x481
Sep 14 23:26:22 pico-qcd kernel: intel-ipu6 intel-ipu60: trace csi 2 error snapshot: rx enable=0x1 lanes=2 config=0x3 status=0x1 hs=0x301 lp=0x0 ctermen=0 csettle=684 d0termen=0 d0settle=661 d1termen=0 d1settle=661 receiver_errors=0x8601
Sep 14 23:26:22 pico-qcd kernel: intel-ipu6 intel-ipu60: trace csi 2 error snapshot: rx enable=0x1 lanes=2 config=0x3 status=0x0 hs=0x301 lp=0x0 ctermen=0 csettle=684 d0termen=0 d0settle=661 d1termen=0 d1settle=661 receiver_errors=0x8601
Sep 14 23:26:22 pico-qcd kernel: intel-ipu6 intel-ipu60: trace csi 2 error snapshot: rx enable=0x1 lanes=2 config=0x3 status=0x0 hs=0x301 lp=0x0 ctermen=0 csettle=684 d0termen=0 d0settle=661 d1termen=0 d1settle=661 receiver_errors=0x8601
Sep 14 23:26:22 pico-qcd kernel: intel-ipu6 intel-ipu60: s_stream ov5693 1-0036 (ext)
Sep 14 23:26:22 pico-qcd kernel: intel-ipu6 intel-ipu60: trace csi2-2 set_stream=0: stream_count=1 remote_streams=1 source=7 external=ov5693 1-0036
Sep 14 23:26:22 pico-qcd kernel: intel-ipu6 intel-ipu60: trace csi 2 set_stream entry: rx enable=0x1 lanes=2 config=0x3 status=0x0 hs=0x301 lp=0x0 ctermen=0 csettle=684 d0termen=0 d0settle=661 d1termen=0 d1settle=661 receiver_errors=0x400
Sep 14 23:26:22 pico-qcd kernel: intel-ipu6 intel-ipu60: trace csi 2 set_stream disable pre-error: rx enable=0x1 lanes=2 config=0x3 status=0x0 hs=0x301 lp=0x0 ctermen=0 csettle=684 d0termen=0 d0settle=661 d1termen=0 d1settle=661 receiver_errors=0x400
Sep 14 23:26:22 pico-qcd kernel: intel-ipu6 intel-ipu60: trace csi 2 error snapshot: rx enable=0x1 lanes=2 config=0x3 status=0x0 hs=0x301 lp=0x0 ctermen=0 csettle=684 d0termen=0 d0settle=661 d1termen=0 d1settle=661 receiver_errors=0x400
Sep 14 23:26:22 pico-qcd kernel: intel-ipu6 intel-ipu60: trace csi 2 set_stream disable done: rx enable=0x0 lanes=2 config=0x0 status=0x0 hs=0x301 lp=0x0 ctermen=0 csettle=684 d0termen=0 d0settle=661 d1termen=0 d1settle=661 receiver_errors=0x0
