Sep 14 23:37:30 pico-qcd kernel: intel-ipu6 intel-ipu60: trace csi2-0 set_stream=1: stream_count=0 remote_streams=1 source=3 external=ov8865 2-0010
Sep 14 23:37:30 pico-qcd kernel: intel-ipu6 intel-ipu60: trace csi 0 timing: link_freq=360000000 accinv=8 calculated ctermen=0 csettle=672 dtermen=0 dsettle=658
Sep 14 23:37:30 pico-qcd kernel: intel-ipu6 intel-ipu60: trace csi 0 set_stream entry: rx enable=0x0 lanes=4 config=0x0 status=0x0 hs=0x0 lp=0x0 ctermen=0 csettle=672 d0termen=0 d0settle=658 d1termen=0 d1settle=658 receiver_errors=0x0
Sep 14 23:37:30 pico-qcd kernel: intel-ipu6 intel-ipu60: trace csi 0 set_stream enable done: rx enable=0x1 lanes=4 config=0x3 status=0x0 hs=0x0 lp=0x0 ctermen=0 csettle=672 d0termen=0 d0settle=658 d1termen=0 d1settle=658 receiver_errors=0x0
Sep 14 23:37:30 pico-qcd kernel: intel-ipu6 intel-ipu60: trace csi 0 stream enabled: lanes=4 timing ctermen=0 csettle=672 dtermen=0 dsettle=658 source=3
Sep 14 23:37:30 pico-qcd kernel: intel-ipu6 intel-ipu60: trace csi 0 error snapshot: rx enable=0x1 lanes=4 config=0x3 status=0x0 hs=0x0 lp=0x0 ctermen=0 csettle=672 d0termen=0 d0settle=658 d1termen=0 d1settle=658 receiver_errors=0x4000
Sep 14 23:37:30 pico-qcd kernel: intel-ipu6 intel-ipu60: trace csi 0 error snapshot: rx enable=0x1 lanes=4 config=0x3 status=0x0 hs=0x0 lp=0x0 ctermen=0 csettle=672 d0termen=0 d0settle=658 d1termen=0 d1settle=658 receiver_errors=0x0
Sep 14 23:37:30 pico-qcd kernel: intel-ipu6 intel-ipu60: trace csi 0 error snapshot: rx enable=0x1 lanes=4 config=0x3 status=0x0 hs=0x0 lp=0x0 ctermen=0 csettle=672 d0termen=0 d0settle=658 d1termen=0 d1settle=658 receiver_errors=0x88
Sep 14 23:37:30 pico-qcd kernel: ipu_isys_csi2_error: 96 callbacks suppressed
Sep 14 23:37:30 pico-qcd kernel: intel-ipu6 intel-ipu60: csi2-0 error: FIFO overflow
Sep 14 23:37:30 pico-qcd kernel: intel-ipu6 intel-ipu60: csi2-0 error: Frame sync error
Sep 14 23:37:30 pico-qcd kernel: intel-ipu6 intel-ipu60: trace csi 0 error snapshot: rx enable=0x1 lanes=4 config=0x3 status=0x1 hs=0x0 lp=0x0 ctermen=0 csettle=672 d0termen=0 d0settle=658 d1termen=0 d1settle=658 receiver_errors=0x0
Sep 14 23:37:31 pico-qcd kernel: intel-ipu6 intel-ipu60: trace csi 0 error snapshot: rx enable=0x1 lanes=4 config=0x3 status=0x0 hs=0x0 lp=0x0 ctermen=0 csettle=672 d0termen=0 d0settle=658 d1termen=0 d1settle=658 receiver_errors=0x8000
Sep 14 23:37:31 pico-qcd kernel: intel-ipu6 intel-ipu60: trace csi 0 error snapshot: rx enable=0x1 lanes=4 config=0x3 status=0x0 hs=0x0 lp=0x0 ctermen=0 csettle=672 d0termen=0 d0settle=658 d1termen=0 d1settle=658 receiver_errors=0x0
Sep 14 23:37:31 pico-qcd kernel: intel-ipu6 intel-ipu60: trace csi 0 error snapshot: rx enable=0x1 lanes=4 config=0x3 status=0x0 hs=0x0 lp=0x0 ctermen=0 csettle=672 d0termen=0 d0settle=658 d1termen=0 d1settle=658 receiver_errors=0x0
Sep 14 23:37:31 pico-qcd kernel: intel-ipu6 intel-ipu60: trace csi 0 error snapshot: rx enable=0x1 lanes=4 config=0x3 status=0x0 hs=0x0 lp=0x0 ctermen=0 csettle=672 d0termen=0 d0settle=658 d1termen=0 d1settle=658 receiver_errors=0x0
Sep 14 23:37:31 pico-qcd kernel: intel-ipu6 intel-ipu60: trace csi 0 error snapshot: rx enable=0x1 lanes=4 config=0x3 status=0x0 hs=0x0 lp=0x0 ctermen=0 csettle=672 d0termen=0 d0settle=658 d1termen=0 d1settle=658 receiver_errors=0x0
Sep 14 23:37:31 pico-qcd kernel: intel-ipu6 intel-ipu60: trace csi 0 error snapshot: rx enable=0x1 lanes=4 config=0x3 status=0x0 hs=0x0 lp=0x0 ctermen=0 csettle=672 d0termen=0 d0settle=658 d1termen=0 d1settle=658 receiver_errors=0x0
Sep 14 23:37:31 pico-qcd kernel: intel-ipu6 intel-ipu60: trace csi 0 error snapshot: rx enable=0x1 lanes=4 config=0x3 status=0x0 hs=0x0 lp=0x0 ctermen=0 csettle=672 d0termen=0 d0settle=658 d1termen=0 d1settle=658 receiver_errors=0x0
Sep 14 23:37:31 pico-qcd kernel: intel-ipu6 intel-ipu60: s_stream ov8865 2-0010 (ext)
Sep 14 23:37:31 pico-qcd kernel: intel-ipu6 intel-ipu60: trace csi2-0 set_stream=0: stream_count=1 remote_streams=1 source=3 external=ov8865 2-0010
Sep 14 23:37:31 pico-qcd kernel: intel-ipu6 intel-ipu60: trace csi 0 set_stream entry: rx enable=0x1 lanes=4 config=0x3 status=0x0 hs=0x0 lp=0x0 ctermen=0 csettle=672 d0termen=0 d0settle=658 d1termen=0 d1settle=658 receiver_errors=0x0
Sep 14 23:37:31 pico-qcd kernel: intel-ipu6 intel-ipu60: trace csi 0 set_stream disable pre-error: rx enable=0x1 lanes=4 config=0x3 status=0x0 hs=0x0 lp=0x0 ctermen=0 csettle=672 d0termen=0 d0settle=658 d1termen=0 d1settle=658 receiver_errors=0x0
Sep 14 23:37:31 pico-qcd kernel: intel-ipu6 intel-ipu60: trace csi 0 error snapshot: rx enable=0x1 lanes=4 config=0x3 status=0x0 hs=0x0 lp=0x0 ctermen=0 csettle=672 d0termen=0 d0settle=658 d1termen=0 d1settle=658 receiver_errors=0x0
Sep 14 23:37:31 pico-qcd kernel: intel-ipu6 intel-ipu60: trace csi 0 set_stream disable done: rx enable=0x0 lanes=4 config=0x0 status=0x0 hs=0x0 lp=0x0 ctermen=0 csettle=672 d0termen=0 d0settle=658 d1termen=0 d1settle=658 receiver_errors=0x0
Sep 14 23:37:31 pico-qcd kernel: intel-ipu6 intel-ipu60: trace csi2-2 set_stream=1: stream_count=0 remote_streams=1 source=7 external=ov5693 1-0036
Sep 14 23:37:31 pico-qcd kernel: intel-ipu6 intel-ipu60: trace csi 2 timing: link_freq=419200000 accinv=8 calculated ctermen=0 csettle=684 dtermen=0 dsettle=661
Sep 14 23:37:31 pico-qcd kernel: intel-ipu6 intel-ipu60: trace csi 2 set_stream entry: rx enable=0x0 lanes=2 config=0x0 status=0x0 hs=0x301 lp=0x0 ctermen=0 csettle=684 d0termen=0 d0settle=661 d1termen=0 d1settle=661 receiver_errors=0x0
Sep 14 23:37:31 pico-qcd kernel: intel-ipu6 intel-ipu60: trace csi 2 set_stream enable done: rx enable=0x1 lanes=2 config=0x3 status=0x0 hs=0x301 lp=0x0 ctermen=0 csettle=684 d0termen=0 d0settle=661 d1termen=0 d1settle=661 receiver_errors=0x0
Sep 14 23:37:31 pico-qcd kernel: intel-ipu6 intel-ipu60: trace csi 2 stream enabled: lanes=2 timing ctermen=0 csettle=684 dtermen=0 dsettle=661 source=7
Sep 14 23:37:31 pico-qcd kernel: intel-ipu6 intel-ipu60: trace csi 2 error snapshot: rx enable=0x1 lanes=2 config=0x3 status=0x0 hs=0x301 lp=0x0 ctermen=0 csettle=684 d0termen=0 d0settle=661 d1termen=0 d1settle=661 receiver_errors=0x4000
Sep 14 23:37:31 pico-qcd kernel: intel-ipu6 intel-ipu60: trace csi 2 error snapshot: rx enable=0x1 lanes=2 config=0x3 status=0x0 hs=0x301 lp=0x0 ctermen=0 csettle=684 d0termen=0 d0settle=661 d1termen=0 d1settle=661 receiver_errors=0x0
Sep 14 23:37:31 pico-qcd kernel: intel-ipu6 intel-ipu60: trace csi 2 error snapshot: rx enable=0x1 lanes=2 config=0x3 status=0x1 hs=0x301 lp=0x0 ctermen=0 csettle=684 d0termen=0 d0settle=661 d1termen=0 d1settle=661 receiver_errors=0x480
Sep 14 23:37:31 pico-qcd kernel: intel-ipu6 intel-ipu60: csi2-2 error: Frame sync error
Sep 14 23:37:31 pico-qcd kernel: intel-ipu6 intel-ipu60: csi2-2 error: DPHY non-recoverable synchronization error
Sep 14 23:37:31 pico-qcd kernel: intel-ipu6 intel-ipu60: trace csi 2 error snapshot: rx enable=0x1 lanes=2 config=0x3 status=0x1 hs=0x301 lp=0x0 ctermen=0 csettle=684 d0termen=0 d0settle=661 d1termen=0 d1settle=661 receiver_errors=0x8600
Sep 14 23:37:31 pico-qcd kernel: intel-ipu6 intel-ipu60: csi2-2 error: DPHY non-recoverable synchronization error
Sep 14 23:37:31 pico-qcd kernel: intel-ipu6 intel-ipu60: trace csi 2 error snapshot: rx enable=0x1 lanes=2 config=0x3 status=0x0 hs=0x301 lp=0x0 ctermen=0 csettle=684 d0termen=0 d0settle=661 d1termen=0 d1settle=661 receiver_errors=0x8601
Sep 14 23:37:31 pico-qcd kernel: intel-ipu6 intel-ipu60: csi2-2 error: DPHY non-recoverable synchronization error
Sep 14 23:37:31 pico-qcd kernel: intel-ipu6 intel-ipu60: trace csi 2 error snapshot: rx enable=0x1 lanes=2 config=0x3 status=0x1 hs=0x301 lp=0x0 ctermen=0 csettle=684 d0termen=0 d0settle=661 d1termen=0 d1settle=661 receiver_errors=0x8681
Sep 14 23:37:31 pico-qcd kernel: intel-ipu6 intel-ipu60: csi2-2 error: Frame sync error
Sep 14 23:37:31 pico-qcd kernel: intel-ipu6 intel-ipu60: csi2-2 error: DPHY non-recoverable synchronization error
Sep 14 23:37:32 pico-qcd kernel: intel-ipu6 intel-ipu60: no frames from ov5693 1-0036 after start; bouncing sensor (retry 1)
Sep 14 23:37:32 pico-qcd kernel: intel-ipu6 intel-ipu60: trace csi 2 error snapshot: rx enable=0x1 lanes=2 config=0x3 status=0x1 hs=0x301 lp=0x0 ctermen=0 csettle=684 d0termen=0 d0settle=661 d1termen=0 d1settle=661 receiver_errors=0x8683
Sep 14 23:37:32 pico-qcd kernel: intel-ipu6 intel-ipu60: csi2-2 error: Frame sync error
Sep 14 23:37:32 pico-qcd kernel: intel-ipu6 intel-ipu60: csi2-2 error: DPHY non-recoverable synchronization error
Sep 14 23:37:32 pico-qcd kernel: intel-ipu6 intel-ipu60: trace csi 2 error snapshot: rx enable=0x1 lanes=2 config=0x3 status=0x1 hs=0x301 lp=0x0 ctermen=0 csettle=684 d0termen=0 d0settle=661 d1termen=0 d1settle=661 receiver_errors=0x8603
Sep 14 23:37:32 pico-qcd kernel: intel-ipu6 intel-ipu60: trace csi 2 error snapshot: rx enable=0x1 lanes=2 config=0x3 status=0x1 hs=0x301 lp=0x0 ctermen=0 csettle=684 d0termen=0 d0settle=661 d1termen=0 d1settle=661 receiver_errors=0x8403
Sep 14 23:37:32 pico-qcd kernel: intel-ipu6 intel-ipu60: trace csi 2 error snapshot: rx enable=0x1 lanes=2 config=0x3 status=0x0 hs=0x301 lp=0x0 ctermen=0 csettle=684 d0termen=0 d0settle=661 d1termen=0 d1settle=661 receiver_errors=0x483
Sep 14 23:37:32 pico-qcd kernel: intel-ipu6 intel-ipu60: trace csi 2 error snapshot: rx enable=0x1 lanes=2 config=0x3 status=0x1 hs=0x301 lp=0x0 ctermen=0 csettle=684 d0termen=0 d0settle=661 d1termen=0 d1settle=661 receiver_errors=0x683
Sep 14 23:37:32 pico-qcd kernel: intel-ipu6 intel-ipu60: no frames from ov5693 1-0036 after start; bouncing sensor (retry 2)
Sep 14 23:37:32 pico-qcd kernel: intel-ipu6 intel-ipu60: trace csi 2 error snapshot: rx enable=0x1 lanes=2 config=0x3 status=0x1 hs=0x301 lp=0x0 ctermen=0 csettle=684 d0termen=0 d0settle=661 d1termen=0 d1settle=661 receiver_errors=0x8683
Sep 14 23:37:33 pico-qcd kernel: intel-ipu6 intel-ipu60: trace csi 2 error snapshot: rx enable=0x1 lanes=2 config=0x3 status=0x1 hs=0x301 lp=0x0 ctermen=0 csettle=684 d0termen=0 d0settle=661 d1termen=0 d1settle=661 receiver_errors=0x86c3
Sep 14 23:37:33 pico-qcd kernel: intel-ipu6 intel-ipu60: trace csi 2 error snapshot: rx enable=0x1 lanes=2 config=0x3 status=0x1 hs=0x301 lp=0x0 ctermen=0 csettle=684 d0termen=0 d0settle=661 d1termen=0 d1settle=661 receiver_errors=0x8601
Sep 14 23:37:33 pico-qcd kernel: intel-ipu6 intel-ipu60: trace csi 2 error snapshot: rx enable=0x1 lanes=2 config=0x3 status=0x1 hs=0x301 lp=0x0 ctermen=0 csettle=684 d0termen=0 d0settle=661 d1termen=0 d1settle=661 receiver_errors=0x8601
Sep 14 23:37:33 pico-qcd kernel: intel-ipu6 intel-ipu60: trace csi 2 error snapshot: rx enable=0x1 lanes=2 config=0x3 status=0x1 hs=0x301 lp=0x0 ctermen=0 csettle=684 d0termen=0 d0settle=661 d1termen=0 d1settle=661 receiver_errors=0x8400
Sep 14 23:37:33 pico-qcd kernel: intel-ipu6 intel-ipu60: no frames from ov5693 1-0036 after start; bouncing sensor (retry 3)
Sep 14 23:37:33 pico-qcd kernel: intel-ipu6 intel-ipu60: trace csi 2 error snapshot: rx enable=0x1 lanes=2 config=0x3 status=0x1 hs=0x301 lp=0x0 ctermen=0 csettle=684 d0termen=0 d0settle=661 d1termen=0 d1settle=661 receiver_errors=0x8681
Sep 14 23:37:33 pico-qcd kernel: intel-ipu6 intel-ipu60: trace csi 2 error snapshot: rx enable=0x1 lanes=2 config=0x3 status=0x0 hs=0x301 lp=0x0 ctermen=0 csettle=684 d0termen=0 d0settle=661 d1termen=0 d1settle=661 receiver_errors=0x8401
Sep 14 23:37:33 pico-qcd kernel: intel-ipu6 intel-ipu60: trace csi 2 error snapshot: rx enable=0x1 lanes=2 config=0x3 status=0x1 hs=0x301 lp=0x0 ctermen=0 csettle=684 d0termen=0 d0settle=661 d1termen=0 d1settle=661 receiver_errors=0x8481
Sep 14 23:37:33 pico-qcd kernel: intel-ipu6 intel-ipu60: trace csi 2 error snapshot: rx enable=0x1 lanes=2 config=0x3 status=0x1 hs=0x301 lp=0x0 ctermen=0 csettle=684 d0termen=0 d0settle=661 d1termen=0 d1settle=661 receiver_errors=0x481
Sep 14 23:37:33 pico-qcd kernel: intel-ipu6 intel-ipu60: trace csi 2 error snapshot: rx enable=0x1 lanes=2 config=0x3 status=0x1 hs=0x301 lp=0x0 ctermen=0 csettle=684 d0termen=0 d0settle=661 d1termen=0 d1settle=661 receiver_errors=0x8683
Sep 14 23:37:34 pico-qcd kernel: intel-ipu6 intel-ipu60: no frames from ov5693 1-0036 after start; bouncing sensor (retry 4)
Sep 14 23:37:34 pico-qcd kernel: intel-ipu6 intel-ipu60: trace csi 2 error snapshot: rx enable=0x1 lanes=2 config=0x3 status=0x0 hs=0x301 lp=0x0 ctermen=0 csettle=684 d0termen=0 d0settle=661 d1termen=0 d1settle=661 receiver_errors=0x8483
Sep 14 23:37:34 pico-qcd kernel: intel-ipu6 intel-ipu60: trace csi 2 error snapshot: rx enable=0x1 lanes=2 config=0x3 status=0x1 hs=0x301 lp=0x0 ctermen=0 csettle=684 d0termen=0 d0settle=661 d1termen=0 d1settle=661 receiver_errors=0x8440
Sep 14 23:37:34 pico-qcd kernel: intel-ipu6 intel-ipu60: trace csi 2 error snapshot: rx enable=0x1 lanes=2 config=0x3 status=0x1 hs=0x301 lp=0x0 ctermen=0 csettle=684 d0termen=0 d0settle=661 d1termen=0 d1settle=661 receiver_errors=0x8400
Sep 14 23:37:34 pico-qcd kernel: intel-ipu6 intel-ipu60: trace csi 2 error snapshot: rx enable=0x1 lanes=2 config=0x3 status=0x1 hs=0x301 lp=0x0 ctermen=0 csettle=684 d0termen=0 d0settle=661 d1termen=0 d1settle=661 receiver_errors=0x8400
Sep 14 23:37:34 pico-qcd kernel: intel-ipu6 intel-ipu60: trace csi 2 error snapshot: rx enable=0x1 lanes=2 config=0x3 status=0x1 hs=0x301 lp=0x0 ctermen=0 csettle=684 d0termen=0 d0settle=661 d1termen=0 d1settle=661 receiver_errors=0x8400
Sep 14 23:37:34 pico-qcd kernel: intel-ipu6 intel-ipu60: no frames from ov5693 1-0036 after start; bouncing sensor (retry 5)
Sep 14 23:37:34 pico-qcd kernel: intel-ipu6 intel-ipu60: trace csi 2 error snapshot: rx enable=0x1 lanes=2 config=0x3 status=0x1 hs=0x301 lp=0x0 ctermen=0 csettle=684 d0termen=0 d0settle=661 d1termen=0 d1settle=661 receiver_errors=0x8681
Sep 14 23:37:35 pico-qcd kernel: intel-ipu6 intel-ipu60: trace csi 2 error snapshot: rx enable=0x1 lanes=2 config=0x3 status=0x0 hs=0x301 lp=0x0 ctermen=0 csettle=684 d0termen=0 d0settle=661 d1termen=0 d1settle=661 receiver_errors=0x8483
Sep 14 23:37:35 pico-qcd kernel: intel-ipu6 intel-ipu60: trace csi 2 error snapshot: rx enable=0x1 lanes=2 config=0x3 status=0x1 hs=0x301 lp=0x0 ctermen=0 csettle=684 d0termen=0 d0settle=661 d1termen=0 d1settle=661 receiver_errors=0x8483
Sep 14 23:37:35 pico-qcd kernel: intel-ipu6 intel-ipu60: trace csi 2 error snapshot: rx enable=0x1 lanes=2 config=0x3 status=0x1 hs=0x301 lp=0x0 ctermen=0 csettle=684 d0termen=0 d0settle=661 d1termen=0 d1settle=661 receiver_errors=0x481
Sep 14 23:37:35 pico-qcd kernel: intel-ipu6 intel-ipu60: trace csi 2 error snapshot: rx enable=0x1 lanes=2 config=0x3 status=0x1 hs=0x301 lp=0x0 ctermen=0 csettle=684 d0termen=0 d0settle=661 d1termen=0 d1settle=661 receiver_errors=0x481
Sep 14 23:37:35 pico-qcd kernel: intel-ipu6 intel-ipu60: no frames from ov5693 1-0036 after start; bouncing sensor (retry 6)
Sep 14 23:37:35 pico-qcd kernel: intel-ipu6 intel-ipu60: trace csi 2 error snapshot: rx enable=0x1 lanes=2 config=0x3 status=0x0 hs=0x301 lp=0x0 ctermen=0 csettle=684 d0termen=0 d0settle=661 d1termen=0 d1settle=661 receiver_errors=0x8483
Sep 14 23:37:35 pico-qcd kernel: intel-ipu6 intel-ipu60: trace csi 2 error snapshot: rx enable=0x1 lanes=2 config=0x3 status=0x1 hs=0x301 lp=0x0 ctermen=0 csettle=684 d0termen=0 d0settle=661 d1termen=0 d1settle=661 receiver_errors=0x84c0
Sep 14 23:37:35 pico-qcd kernel: intel-ipu6 intel-ipu60: trace csi 2 error snapshot: rx enable=0x1 lanes=2 config=0x3 status=0x1 hs=0x301 lp=0x0 ctermen=0 csettle=684 d0termen=0 d0settle=661 d1termen=0 d1settle=661 receiver_errors=0x8400
Sep 14 23:37:35 pico-qcd kernel: intel-ipu6 intel-ipu60: trace csi 2 error snapshot: rx enable=0x1 lanes=2 config=0x3 status=0x1 hs=0x301 lp=0x0 ctermen=0 csettle=684 d0termen=0 d0settle=661 d1termen=0 d1settle=661 receiver_errors=0x8401
Sep 14 23:37:35 pico-qcd kernel: intel-ipu6 intel-ipu60: trace csi 2 error snapshot: rx enable=0x1 lanes=2 config=0x3 status=0x0 hs=0x301 lp=0x0 ctermen=0 csettle=684 d0termen=0 d0settle=661 d1termen=0 d1settle=661 receiver_errors=0x8401
Sep 14 23:37:36 pico-qcd kernel: intel-ipu6 intel-ipu60: no frames from ov5693 1-0036 after start; bouncing sensor (retry 7)
Sep 14 23:37:36 pico-qcd kernel: intel-ipu6 intel-ipu60: trace csi 2 error snapshot: rx enable=0x1 lanes=2 config=0x3 status=0x1 hs=0x301 lp=0x0 ctermen=0 csettle=684 d0termen=0 d0settle=661 d1termen=0 d1settle=661 receiver_errors=0x8681
Sep 14 23:37:36 pico-qcd kernel: ipu_isys_csi2_error: 48 callbacks suppressed
Sep 14 23:37:36 pico-qcd kernel: intel-ipu6 intel-ipu60: csi2-2 error: Frame sync error
Sep 14 23:37:36 pico-qcd kernel: intel-ipu6 intel-ipu60: csi2-2 error: DPHY non-recoverable synchronization error
Sep 14 23:37:36 pico-qcd kernel: intel-ipu6 intel-ipu60: trace csi 2 error snapshot: rx enable=0x1 lanes=2 config=0x3 status=0x1 hs=0x301 lp=0x0 ctermen=0 csettle=684 d0termen=0 d0settle=661 d1termen=0 d1settle=661 receiver_errors=0x8401
Sep 14 23:37:36 pico-qcd kernel: intel-ipu6 intel-ipu60: csi2-2 error: DPHY non-recoverable synchronization error
Sep 14 23:37:36 pico-qcd kernel: intel-ipu6 intel-ipu60: trace csi 2 error snapshot: rx enable=0x1 lanes=2 config=0x3 status=0x1 hs=0x301 lp=0x0 ctermen=0 csettle=684 d0termen=0 d0settle=661 d1termen=0 d1settle=661 receiver_errors=0x8483
Sep 14 23:37:36 pico-qcd kernel: intel-ipu6 intel-ipu60: csi2-2 error: Frame sync error
Sep 14 23:37:36 pico-qcd kernel: intel-ipu6 intel-ipu60: csi2-2 error: DPHY non-recoverable synchronization error
Sep 14 23:37:36 pico-qcd kernel: intel-ipu6 intel-ipu60: trace csi 2 error snapshot: rx enable=0x1 lanes=2 config=0x3 status=0x1 hs=0x301 lp=0x0 ctermen=0 csettle=684 d0termen=0 d0settle=661 d1termen=0 d1settle=661 receiver_errors=0x8400
Sep 14 23:37:36 pico-qcd kernel: intel-ipu6 intel-ipu60: csi2-2 error: DPHY non-recoverable synchronization error
Sep 14 23:37:36 pico-qcd kernel: intel-ipu6 intel-ipu60: trace csi 2 error snapshot: rx enable=0x1 lanes=2 config=0x3 status=0x0 hs=0x301 lp=0x0 ctermen=0 csettle=684 d0termen=0 d0settle=661 d1termen=0 d1settle=661 receiver_errors=0x8401
Sep 14 23:37:36 pico-qcd kernel: intel-ipu6 intel-ipu60: csi2-2 error: DPHY non-recoverable synchronization error
Sep 14 23:37:36 pico-qcd kernel: intel-ipu6 intel-ipu60: no frames from ov5693 1-0036 after start; bouncing sensor (retry 8)
Sep 14 23:37:36 pico-qcd kernel: intel-ipu6 intel-ipu60: trace csi 2 error snapshot: rx enable=0x1 lanes=2 config=0x3 status=0x1 hs=0x301 lp=0x0 ctermen=0 csettle=684 d0termen=0 d0settle=661 d1termen=0 d1settle=661 receiver_errors=0x8401
Sep 14 23:37:36 pico-qcd kernel: intel-ipu6 intel-ipu60: csi2-2 error: DPHY non-recoverable synchronization error
Sep 14 23:37:36 pico-qcd kernel: intel-ipu6 intel-ipu60: trace csi 2 error snapshot: rx enable=0x1 lanes=2 config=0x3 status=0x1 hs=0x301 lp=0x0 ctermen=0 csettle=684 d0termen=0 d0settle=661 d1termen=0 d1settle=661 receiver_errors=0x84c1
Sep 14 23:37:36 pico-qcd kernel: intel-ipu6 intel-ipu60: csi2-2 error: Incomplete long packet detected
Sep 14 23:37:36 pico-qcd kernel: intel-ipu6 intel-ipu60: csi2-2 error: Frame sync error
Sep 14 23:37:37 pico-qcd kernel: intel-ipu6 intel-ipu60: trace csi 2 error snapshot: rx enable=0x1 lanes=2 config=0x3 status=0x1 hs=0x301 lp=0x0 ctermen=0 csettle=684 d0termen=0 d0settle=661 d1termen=0 d1settle=661 receiver_errors=0x8401
Sep 14 23:37:37 pico-qcd kernel: intel-ipu6 intel-ipu60: trace csi 2 error snapshot: rx enable=0x1 lanes=2 config=0x3 status=0x0 hs=0x301 lp=0x0 ctermen=0 csettle=684 d0termen=0 d0settle=661 d1termen=0 d1settle=661 receiver_errors=0x8401
Sep 14 23:37:37 pico-qcd kernel: intel-ipu6 intel-ipu60: trace csi 2 error snapshot: rx enable=0x1 lanes=2 config=0x3 status=0x1 hs=0x301 lp=0x0 ctermen=0 csettle=684 d0termen=0 d0settle=661 d1termen=0 d1settle=661 receiver_errors=0x8400
Sep 14 23:37:37 pico-qcd kernel: intel-ipu6 intel-ipu60: no frames from ov5693 1-0036 after start; bouncing sensor (retry 9)
Sep 14 23:37:37 pico-qcd kernel: intel-ipu6 intel-ipu60: trace csi 2 error snapshot: rx enable=0x1 lanes=2 config=0x3 status=0x1 hs=0x301 lp=0x0 ctermen=0 csettle=684 d0termen=0 d0settle=661 d1termen=0 d1settle=661 receiver_errors=0x8481
Sep 14 23:37:37 pico-qcd kernel: intel-ipu6 intel-ipu60: trace csi 2 error snapshot: rx enable=0x1 lanes=2 config=0x3 status=0x1 hs=0x301 lp=0x0 ctermen=0 csettle=684 d0termen=0 d0settle=661 d1termen=0 d1settle=661 receiver_errors=0x8401
Sep 14 23:37:37 pico-qcd kernel: intel-ipu6 intel-ipu60: trace csi 2 error snapshot: rx enable=0x1 lanes=2 config=0x3 status=0x0 hs=0x301 lp=0x0 ctermen=0 csettle=684 d0termen=0 d0settle=661 d1termen=0 d1settle=661 receiver_errors=0x481
Sep 14 23:37:37 pico-qcd kernel: intel-ipu6 intel-ipu60: trace csi 2 error snapshot: rx enable=0x1 lanes=2 config=0x3 status=0x0 hs=0x301 lp=0x0 ctermen=0 csettle=684 d0termen=0 d0settle=661 d1termen=0 d1settle=661 receiver_errors=0x8403
Sep 14 23:37:37 pico-qcd kernel: intel-ipu6 intel-ipu60: trace csi 2 error snapshot: rx enable=0x1 lanes=2 config=0x3 status=0x0 hs=0x301 lp=0x0 ctermen=0 csettle=684 d0termen=0 d0settle=661 d1termen=0 d1settle=661 receiver_errors=0x8403
Sep 14 23:37:38 pico-qcd kernel: intel-ipu6 intel-ipu60: no frames from ov5693 1-0036 after start; bouncing sensor (retry 10)
Sep 14 23:37:38 pico-qcd kernel: intel-ipu6 intel-ipu60: trace csi 2 error snapshot: rx enable=0x1 lanes=2 config=0x3 status=0x0 hs=0x301 lp=0x0 ctermen=0 csettle=684 d0termen=0 d0settle=661 d1termen=0 d1settle=661 receiver_errors=0x8481
Sep 14 23:37:38 pico-qcd kernel: intel-ipu6 intel-ipu60: trace csi 2 error snapshot: rx enable=0x1 lanes=2 config=0x3 status=0x0 hs=0x301 lp=0x0 ctermen=0 csettle=684 d0termen=0 d0settle=661 d1termen=0 d1settle=661 receiver_errors=0x8480
Sep 14 23:37:38 pico-qcd kernel: intel-ipu6 intel-ipu60: trace csi 2 error snapshot: rx enable=0x1 lanes=2 config=0x3 status=0x1 hs=0x301 lp=0x0 ctermen=0 csettle=684 d0termen=0 d0settle=661 d1termen=0 d1settle=661 receiver_errors=0x481
Sep 14 23:37:38 pico-qcd kernel: intel-ipu6 intel-ipu60: trace csi 2 error snapshot: rx enable=0x1 lanes=2 config=0x3 status=0x0 hs=0x301 lp=0x0 ctermen=0 csettle=684 d0termen=0 d0settle=661 d1termen=0 d1settle=661 receiver_errors=0x8400
Sep 14 23:37:38 pico-qcd kernel: intel-ipu6 intel-ipu60: trace csi 2 error snapshot: rx enable=0x1 lanes=2 config=0x3 status=0x1 hs=0x301 lp=0x0 ctermen=0 csettle=684 d0termen=0 d0settle=661 d1termen=0 d1settle=661 receiver_errors=0x480
Sep 14 23:37:38 pico-qcd kernel: intel-ipu6 intel-ipu60: no frames from ov5693 1-0036 after start; bouncing sensor (retry 11)
Sep 14 23:37:38 pico-qcd kernel: intel-ipu6 intel-ipu60: trace csi 2 error snapshot: rx enable=0x1 lanes=2 config=0x3 status=0x0 hs=0x301 lp=0x0 ctermen=0 csettle=684 d0termen=0 d0settle=661 d1termen=0 d1settle=661 receiver_errors=0x8683
Sep 14 23:37:38 pico-qcd kernel: intel-ipu6 intel-ipu60: trace csi 2 error snapshot: rx enable=0x1 lanes=2 config=0x3 status=0x1 hs=0x301 lp=0x0 ctermen=0 csettle=684 d0termen=0 d0settle=661 d1termen=0 d1settle=661 receiver_errors=0x8481
Sep 14 23:37:39 pico-qcd kernel: intel-ipu6 intel-ipu60: trace csi 2 error snapshot: rx enable=0x1 lanes=2 config=0x3 status=0x1 hs=0x301 lp=0x0 ctermen=0 csettle=684 d0termen=0 d0settle=661 d1termen=0 d1settle=661 receiver_errors=0x8401
Sep 14 23:37:39 pico-qcd kernel: intel-ipu6 intel-ipu60: trace csi 2 error snapshot: rx enable=0x1 lanes=2 config=0x3 status=0x1 hs=0x301 lp=0x0 ctermen=0 csettle=684 d0termen=0 d0settle=661 d1termen=0 d1settle=661 receiver_errors=0x481
Sep 14 23:37:39 pico-qcd kernel: intel-ipu6 intel-ipu60: trace csi 2 error snapshot: rx enable=0x1 lanes=2 config=0x3 status=0x0 hs=0x301 lp=0x0 ctermen=0 csettle=684 d0termen=0 d0settle=661 d1termen=0 d1settle=661 receiver_errors=0x481
Sep 14 23:37:39 pico-qcd kernel: intel-ipu6 intel-ipu60: no frames from ov5693 1-0036 after start; bouncing sensor (retry 12)
Sep 14 23:37:39 pico-qcd kernel: intel-ipu6 intel-ipu60: trace csi 2 error snapshot: rx enable=0x1 lanes=2 config=0x3 status=0x0 hs=0x301 lp=0x0 ctermen=0 csettle=684 d0termen=0 d0settle=661 d1termen=0 d1settle=661 receiver_errors=0x8481
Sep 14 23:37:39 pico-qcd kernel: intel-ipu6 intel-ipu60: trace csi 2 error snapshot: rx enable=0x1 lanes=2 config=0x3 status=0x1 hs=0x301 lp=0x0 ctermen=0 csettle=684 d0termen=0 d0settle=661 d1termen=0 d1settle=661 receiver_errors=0x8441
Sep 14 23:37:39 pico-qcd kernel: intel-ipu6 intel-ipu60: trace csi 2 error snapshot: rx enable=0x1 lanes=2 config=0x3 status=0x1 hs=0x301 lp=0x0 ctermen=0 csettle=684 d0termen=0 d0settle=661 d1termen=0 d1settle=661 receiver_errors=0x8400
Sep 14 23:37:39 pico-qcd kernel: intel-ipu6 intel-ipu60: trace csi 2 error snapshot: rx enable=0x1 lanes=2 config=0x3 status=0x1 hs=0x301 lp=0x0 ctermen=0 csettle=684 d0termen=0 d0settle=661 d1termen=0 d1settle=661 receiver_errors=0x8401
Sep 14 23:37:39 pico-qcd kernel: intel-ipu6 intel-ipu60: trace csi 2 error snapshot: rx enable=0x1 lanes=2 config=0x3 status=0x1 hs=0x301 lp=0x0 ctermen=0 csettle=684 d0termen=0 d0settle=661 d1termen=0 d1settle=661 receiver_errors=0x8401
Sep 14 23:37:40 pico-qcd kernel: intel-ipu6 intel-ipu60: no frames from ov5693 1-0036 after start; bouncing sensor (retry 13)
Sep 14 23:37:40 pico-qcd kernel: intel-ipu6 intel-ipu60: trace csi 2 error snapshot: rx enable=0x1 lanes=2 config=0x3 status=0x1 hs=0x301 lp=0x0 ctermen=0 csettle=684 d0termen=0 d0settle=661 d1termen=0 d1settle=661 receiver_errors=0x8681
Sep 14 23:37:40 pico-qcd kernel: intel-ipu6 intel-ipu60: trace csi 2 error snapshot: rx enable=0x1 lanes=2 config=0x3 status=0x0 hs=0x301 lp=0x0 ctermen=0 csettle=684 d0termen=0 d0settle=661 d1termen=0 d1settle=661 receiver_errors=0x8401
Sep 14 23:37:40 pico-qcd kernel: intel-ipu6 intel-ipu60: trace csi 2 error snapshot: rx enable=0x1 lanes=2 config=0x3 status=0x1 hs=0x301 lp=0x0 ctermen=0 csettle=684 d0termen=0 d0settle=661 d1termen=0 d1settle=661 receiver_errors=0x8400
Sep 14 23:37:40 pico-qcd kernel: intel-ipu6 intel-ipu60: trace csi 2 error snapshot: rx enable=0x1 lanes=2 config=0x3 status=0x1 hs=0x301 lp=0x0 ctermen=0 csettle=684 d0termen=0 d0settle=661 d1termen=0 d1settle=661 receiver_errors=0x8400
Sep 14 23:37:40 pico-qcd kernel: intel-ipu6 intel-ipu60: trace csi 2 error snapshot: rx enable=0x1 lanes=2 config=0x3 status=0x0 hs=0x301 lp=0x0 ctermen=0 csettle=684 d0termen=0 d0settle=661 d1termen=0 d1settle=661 receiver_errors=0x8400
Sep 14 23:37:40 pico-qcd kernel: intel-ipu6 intel-ipu60: no frames from ov5693 1-0036 after start; bouncing sensor (retry 14)
Sep 14 23:37:40 pico-qcd kernel: intel-ipu6 intel-ipu60: trace csi 2 error snapshot: rx enable=0x1 lanes=2 config=0x3 status=0x1 hs=0x301 lp=0x0 ctermen=0 csettle=684 d0termen=0 d0settle=661 d1termen=0 d1settle=661 receiver_errors=0x8403
Sep 14 23:37:40 pico-qcd kernel: intel-ipu6 intel-ipu60: trace csi 2 error snapshot: rx enable=0x1 lanes=2 config=0x3 status=0x0 hs=0x301 lp=0x0 ctermen=0 csettle=684 d0termen=0 d0settle=661 d1termen=0 d1settle=661 receiver_errors=0x84c1
Sep 14 23:37:41 pico-qcd kernel: intel-ipu6 intel-ipu60: trace csi 2 error snapshot: rx enable=0x1 lanes=2 config=0x3 status=0x0 hs=0x301 lp=0x0 ctermen=0 csettle=684 d0termen=0 d0settle=661 d1termen=0 d1settle=661 receiver_errors=0x8683
Sep 14 23:37:41 pico-qcd kernel: intel-ipu6 intel-ipu60: trace csi 2 error snapshot: rx enable=0x1 lanes=2 config=0x3 status=0x0 hs=0x301 lp=0x0 ctermen=0 csettle=684 d0termen=0 d0settle=661 d1termen=0 d1settle=661 receiver_errors=0x483
Sep 14 23:37:41 pico-qcd kernel: ipu_isys_csi2_error: 48 callbacks suppressed
Sep 14 23:37:41 pico-qcd kernel: intel-ipu6 intel-ipu60: csi2-2 error: Frame sync error
Sep 14 23:37:41 pico-qcd kernel: intel-ipu6 intel-ipu60: csi2-2 error: DPHY non-recoverable synchronization error
Sep 14 23:37:41 pico-qcd kernel: intel-ipu6 intel-ipu60: trace csi 2 error snapshot: rx enable=0x1 lanes=2 config=0x3 status=0x0 hs=0x301 lp=0x0 ctermen=0 csettle=684 d0termen=0 d0settle=661 d1termen=0 d1settle=661 receiver_errors=0x481
Sep 14 23:37:41 pico-qcd kernel: intel-ipu6 intel-ipu60: csi2-2 error: Frame sync error
Sep 14 23:37:41 pico-qcd kernel: intel-ipu6 intel-ipu60: csi2-2 error: DPHY non-recoverable synchronization error
Sep 14 23:37:41 pico-qcd kernel: intel-ipu6 intel-ipu60: no frames from ov5693 1-0036 after start; bouncing sensor (retry 15)
Sep 14 23:37:41 pico-qcd kernel: intel-ipu6 intel-ipu60: trace csi 2 error snapshot: rx enable=0x1 lanes=2 config=0x3 status=0x0 hs=0x301 lp=0x0 ctermen=0 csettle=684 d0termen=0 d0settle=661 d1termen=0 d1settle=661 receiver_errors=0x8401
Sep 14 23:37:41 pico-qcd kernel: intel-ipu6 intel-ipu60: csi2-2 error: DPHY non-recoverable synchronization error
Sep 14 23:37:41 pico-qcd kernel: intel-ipu6 intel-ipu60: trace csi 2 error snapshot: rx enable=0x1 lanes=2 config=0x3 status=0x0 hs=0x301 lp=0x0 ctermen=0 csettle=684 d0termen=0 d0settle=661 d1termen=0 d1settle=661 receiver_errors=0x8401
Sep 14 23:37:41 pico-qcd kernel: intel-ipu6 intel-ipu60: csi2-2 error: DPHY non-recoverable synchronization error
Sep 14 23:37:41 pico-qcd kernel: intel-ipu6 intel-ipu60: trace csi 2 error snapshot: rx enable=0x1 lanes=2 config=0x3 status=0x0 hs=0x301 lp=0x0 ctermen=0 csettle=684 d0termen=0 d0settle=661 d1termen=0 d1settle=661 receiver_errors=0x8401
Sep 14 23:37:41 pico-qcd kernel: intel-ipu6 intel-ipu60: csi2-2 error: DPHY non-recoverable synchronization error
Sep 14 23:37:41 pico-qcd kernel: intel-ipu6 intel-ipu60: trace csi 2 error snapshot: rx enable=0x1 lanes=2 config=0x3 status=0x0 hs=0x301 lp=0x0 ctermen=0 csettle=684 d0termen=0 d0settle=661 d1termen=0 d1settle=661 receiver_errors=0x8400
Sep 14 23:37:41 pico-qcd kernel: intel-ipu6 intel-ipu60: csi2-2 error: DPHY non-recoverable synchronization error
Sep 14 23:37:41 pico-qcd kernel: intel-ipu6 intel-ipu60: trace csi 2 error snapshot: rx enable=0x1 lanes=2 config=0x3 status=0x1 hs=0x301 lp=0x0 ctermen=0 csettle=684 d0termen=0 d0settle=661 d1termen=0 d1settle=661 receiver_errors=0x8400
Sep 14 23:37:41 pico-qcd kernel: intel-ipu6 intel-ipu60: csi2-2 error: DPHY non-recoverable synchronization error
Sep 14 23:37:42 pico-qcd kernel: intel-ipu6 intel-ipu60: no frames from ov5693 1-0036 after start; bouncing sensor (retry 16)
Sep 14 23:37:42 pico-qcd kernel: intel-ipu6 intel-ipu60: trace csi 2 error snapshot: rx enable=0x1 lanes=2 config=0x3 status=0x1 hs=0x301 lp=0x0 ctermen=0 csettle=684 d0termen=0 d0settle=661 d1termen=0 d1settle=661 receiver_errors=0x8681
Sep 14 23:37:42 pico-qcd kernel: intel-ipu6 intel-ipu60: csi2-2 error: Frame sync error
Sep 14 23:37:42 pico-qcd kernel: intel-ipu6 intel-ipu60: trace csi 2 error snapshot: rx enable=0x1 lanes=2 config=0x3 status=0x1 hs=0x301 lp=0x0 ctermen=0 csettle=684 d0termen=0 d0settle=661 d1termen=0 d1settle=661 receiver_errors=0x84c3
Sep 14 23:37:42 pico-qcd kernel: intel-ipu6 intel-ipu60: trace csi 2 error snapshot: rx enable=0x1 lanes=2 config=0x3 status=0x0 hs=0x301 lp=0x0 ctermen=0 csettle=684 d0termen=0 d0settle=661 d1termen=0 d1settle=661 receiver_errors=0x481
Sep 14 23:37:42 pico-qcd kernel: intel-ipu6 intel-ipu60: trace csi 2 error snapshot: rx enable=0x1 lanes=2 config=0x3 status=0x0 hs=0x301 lp=0x0 ctermen=0 csettle=684 d0termen=0 d0settle=661 d1termen=0 d1settle=661 receiver_errors=0x8483
Sep 14 23:37:42 pico-qcd kernel: intel-ipu6 intel-ipu60: trace csi 2 error snapshot: rx enable=0x1 lanes=2 config=0x3 status=0x0 hs=0x301 lp=0x0 ctermen=0 csettle=684 d0termen=0 d0settle=661 d1termen=0 d1settle=661 receiver_errors=0x483
Sep 14 23:37:42 pico-qcd kernel: intel-ipu6 intel-ipu60: no frames from ov5693 1-0036 after start; bouncing sensor (retry 17)
Sep 14 23:37:42 pico-qcd kernel: intel-ipu6 intel-ipu60: trace csi 2 error snapshot: rx enable=0x1 lanes=2 config=0x3 status=0x1 hs=0x301 lp=0x0 ctermen=0 csettle=684 d0termen=0 d0settle=661 d1termen=0 d1settle=661 receiver_errors=0x8483
Sep 14 23:37:42 pico-qcd kernel: intel-ipu6 intel-ipu60: trace csi 2 error snapshot: rx enable=0x1 lanes=2 config=0x3 status=0x1 hs=0x301 lp=0x0 ctermen=0 csettle=684 d0termen=0 d0settle=661 d1termen=0 d1settle=661 receiver_errors=0x8603
Sep 14 23:37:43 pico-qcd kernel: intel-ipu6 intel-ipu60: trace csi 2 error snapshot: rx enable=0x1 lanes=2 config=0x3 status=0x1 hs=0x301 lp=0x0 ctermen=0 csettle=684 d0termen=0 d0settle=661 d1termen=0 d1settle=661 receiver_errors=0x8601
Sep 14 23:37:43 pico-qcd kernel: intel-ipu6 intel-ipu60: trace csi 2 error snapshot: rx enable=0x1 lanes=2 config=0x3 status=0x0 hs=0x301 lp=0x0 ctermen=0 csettle=684 d0termen=0 d0settle=661 d1termen=0 d1settle=661 receiver_errors=0x683
Sep 14 23:37:43 pico-qcd kernel: intel-ipu6 intel-ipu60: trace csi 2 error snapshot: rx enable=0x1 lanes=2 config=0x3 status=0x0 hs=0x301 lp=0x0 ctermen=0 csettle=684 d0termen=0 d0settle=661 d1termen=0 d1settle=661 receiver_errors=0x8601
Sep 14 23:37:43 pico-qcd kernel: intel-ipu6 intel-ipu60: no frames from ov5693 1-0036 after start; bouncing sensor (retry 18)
Sep 14 23:37:43 pico-qcd kernel: intel-ipu6 intel-ipu60: trace csi 2 error snapshot: rx enable=0x1 lanes=2 config=0x3 status=0x0 hs=0x301 lp=0x0 ctermen=0 csettle=684 d0termen=0 d0settle=661 d1termen=0 d1settle=661 receiver_errors=0x8683
Sep 14 23:37:43 pico-qcd kernel: intel-ipu6 intel-ipu60: trace csi 2 error snapshot: rx enable=0x1 lanes=2 config=0x3 status=0x0 hs=0x301 lp=0x0 ctermen=0 csettle=684 d0termen=0 d0settle=661 d1termen=0 d1settle=661 receiver_errors=0x8681
Sep 14 23:37:43 pico-qcd kernel: intel-ipu6 intel-ipu60: trace csi 2 error snapshot: rx enable=0x1 lanes=2 config=0x3 status=0x1 hs=0x301 lp=0x0 ctermen=0 csettle=684 d0termen=0 d0settle=661 d1termen=0 d1settle=661 receiver_errors=0x481
Sep 14 23:37:43 pico-qcd kernel: intel-ipu6 intel-ipu60: trace csi 2 error snapshot: rx enable=0x1 lanes=2 config=0x3 status=0x0 hs=0x301 lp=0x0 ctermen=0 csettle=684 d0termen=0 d0settle=661 d1termen=0 d1settle=661 receiver_errors=0x8601
Sep 14 23:37:43 pico-qcd kernel: intel-ipu6 intel-ipu60: trace csi 2 error snapshot: rx enable=0x1 lanes=2 config=0x3 status=0x0 hs=0x301 lp=0x0 ctermen=0 csettle=684 d0termen=0 d0settle=661 d1termen=0 d1settle=661 receiver_errors=0x681
Sep 14 23:37:44 pico-qcd kernel: intel-ipu6 intel-ipu60: no frames from ov5693 1-0036 after start; bouncing sensor (retry 19)
Sep 14 23:37:44 pico-qcd kernel: intel-ipu6 intel-ipu60: trace csi 2 error snapshot: rx enable=0x1 lanes=2 config=0x3 status=0x0 hs=0x301 lp=0x0 ctermen=0 csettle=684 d0termen=0 d0settle=661 d1termen=0 d1settle=661 receiver_errors=0x8683
Sep 14 23:37:44 pico-qcd kernel: intel-ipu6 intel-ipu60: trace csi 2 error snapshot: rx enable=0x1 lanes=2 config=0x3 status=0x1 hs=0x301 lp=0x0 ctermen=0 csettle=684 d0termen=0 d0settle=661 d1termen=0 d1settle=661 receiver_errors=0x8481
Sep 14 23:37:44 pico-qcd kernel: intel-ipu6 intel-ipu60: trace csi 2 error snapshot: rx enable=0x1 lanes=2 config=0x3 status=0x0 hs=0x301 lp=0x0 ctermen=0 csettle=684 d0termen=0 d0settle=661 d1termen=0 d1settle=661 receiver_errors=0x8403
Sep 14 23:37:44 pico-qcd kernel: intel-ipu6 intel-ipu60: trace csi 2 error snapshot: rx enable=0x1 lanes=2 config=0x3 status=0x0 hs=0x301 lp=0x0 ctermen=0 csettle=684 d0termen=0 d0settle=661 d1termen=0 d1settle=661 receiver_errors=0x8481
Sep 14 23:37:44 pico-qcd kernel: intel-ipu6 intel-ipu60: trace csi 2 error snapshot: rx enable=0x1 lanes=2 config=0x3 status=0x0 hs=0x301 lp=0x0 ctermen=0 csettle=684 d0termen=0 d0settle=661 d1termen=0 d1settle=661 receiver_errors=0x8481
Sep 14 23:37:44 pico-qcd kernel: intel-ipu6 intel-ipu60: no frames from ov5693 1-0036 after start; bouncing sensor (retry 20)
Sep 14 23:37:44 pico-qcd kernel: intel-ipu6 intel-ipu60: trace csi 2 error snapshot: rx enable=0x1 lanes=2 config=0x3 status=0x1 hs=0x301 lp=0x0 ctermen=0 csettle=684 d0termen=0 d0settle=661 d1termen=0 d1settle=661 receiver_errors=0x8681
Sep 14 23:37:44 pico-qcd kernel: intel-ipu6 intel-ipu60: trace csi 2 error snapshot: rx enable=0x1 lanes=2 config=0x3 status=0x1 hs=0x301 lp=0x0 ctermen=0 csettle=684 d0termen=0 d0settle=661 d1termen=0 d1settle=661 receiver_errors=0x84c0
Sep 14 23:37:44 pico-qcd kernel: intel-ipu6 intel-ipu60: trace csi 2 error snapshot: rx enable=0x1 lanes=2 config=0x3 status=0x1 hs=0x301 lp=0x0 ctermen=0 csettle=684 d0termen=0 d0settle=661 d1termen=0 d1settle=661 receiver_errors=0x8400
Sep 14 23:37:44 pico-qcd kernel: intel-ipu6 intel-ipu60: trace csi 2 error snapshot: rx enable=0x1 lanes=2 config=0x3 status=0x1 hs=0x301 lp=0x0 ctermen=0 csettle=684 d0termen=0 d0settle=661 d1termen=0 d1settle=661 receiver_errors=0x8400
Sep 14 23:37:45 pico-qcd kernel: intel-ipu6 intel-ipu60: trace csi 2 error snapshot: rx enable=0x1 lanes=2 config=0x3 status=0x1 hs=0x301 lp=0x0 ctermen=0 csettle=684 d0termen=0 d0settle=661 d1termen=0 d1settle=661 receiver_errors=0x8400
Sep 14 23:37:45 pico-qcd kernel: intel-ipu6 intel-ipu60: no frames from ov5693 1-0036 after start; bouncing sensor (retry 21)
Sep 14 23:37:45 pico-qcd kernel: intel-ipu6 intel-ipu60: trace csi 2 error snapshot: rx enable=0x1 lanes=2 config=0x3 status=0x1 hs=0x301 lp=0x0 ctermen=0 csettle=684 d0termen=0 d0settle=661 d1termen=0 d1settle=661 receiver_errors=0x8401
Sep 14 23:37:45 pico-qcd kernel: intel-ipu6 intel-ipu60: trace csi 2 error snapshot: rx enable=0x1 lanes=2 config=0x3 status=0x1 hs=0x301 lp=0x0 ctermen=0 csettle=684 d0termen=0 d0settle=661 d1termen=0 d1settle=661 receiver_errors=0x8400
Sep 14 23:37:45 pico-qcd kernel: intel-ipu6 intel-ipu60: trace csi 2 error snapshot: rx enable=0x1 lanes=2 config=0x3 status=0x0 hs=0x301 lp=0x0 ctermen=0 csettle=684 d0termen=0 d0settle=661 d1termen=0 d1settle=661 receiver_errors=0x8400
Sep 14 23:37:45 pico-qcd kernel: intel-ipu6 intel-ipu60: trace csi 2 error snapshot: rx enable=0x1 lanes=2 config=0x3 status=0x1 hs=0x301 lp=0x0 ctermen=0 csettle=684 d0termen=0 d0settle=661 d1termen=0 d1settle=661 receiver_errors=0x8400
Sep 14 23:37:45 pico-qcd kernel: intel-ipu6 intel-ipu60: trace csi 2 error snapshot: rx enable=0x1 lanes=2 config=0x3 status=0x0 hs=0x301 lp=0x0 ctermen=0 csettle=684 d0termen=0 d0settle=661 d1termen=0 d1settle=661 receiver_errors=0x8400
Sep 14 23:37:46 pico-qcd kernel: intel-ipu6 intel-ipu60: no frames from ov5693 1-0036 after start; bouncing sensor (retry 22)
Sep 14 23:37:46 pico-qcd kernel: intel-ipu6 intel-ipu60: trace csi 2 error snapshot: rx enable=0x1 lanes=2 config=0x3 status=0x1 hs=0x301 lp=0x0 ctermen=0 csettle=684 d0termen=0 d0settle=661 d1termen=0 d1settle=661 receiver_errors=0x8480
Sep 14 23:37:46 pico-qcd kernel: intel-ipu6 intel-ipu60: trace csi 2 error snapshot: rx enable=0x1 lanes=2 config=0x3 status=0x0 hs=0x301 lp=0x0 ctermen=0 csettle=684 d0termen=0 d0settle=661 d1termen=0 d1settle=661 receiver_errors=0x4c1
Sep 14 23:37:46 pico-qcd kernel: intel-ipu6 intel-ipu60: trace csi 2 error snapshot: rx enable=0x1 lanes=2 config=0x3 status=0x1 hs=0x301 lp=0x0 ctermen=0 csettle=684 d0termen=0 d0settle=661 d1termen=0 d1settle=661 receiver_errors=0x8401
Sep 14 23:37:46 pico-qcd kernel: ipu_isys_csi2_error: 53 callbacks suppressed
Sep 14 23:37:46 pico-qcd kernel: intel-ipu6 intel-ipu60: csi2-2 error: DPHY non-recoverable synchronization error
Sep 14 23:37:46 pico-qcd kernel: intel-ipu6 intel-ipu60: trace csi 2 error snapshot: rx enable=0x1 lanes=2 config=0x3 status=0x0 hs=0x301 lp=0x0 ctermen=0 csettle=684 d0termen=0 d0settle=661 d1termen=0 d1settle=661 receiver_errors=0x481
Sep 14 23:37:46 pico-qcd kernel: intel-ipu6 intel-ipu60: csi2-2 error: Frame sync error
Sep 14 23:37:46 pico-qcd kernel: intel-ipu6 intel-ipu60: csi2-2 error: DPHY non-recoverable synchronization error
Sep 14 23:37:46 pico-qcd kernel: intel-ipu6 intel-ipu60: trace csi 2 error snapshot: rx enable=0x1 lanes=2 config=0x3 status=0x0 hs=0x301 lp=0x0 ctermen=0 csettle=684 d0termen=0 d0settle=661 d1termen=0 d1settle=661 receiver_errors=0x480
Sep 14 23:37:46 pico-qcd kernel: intel-ipu6 intel-ipu60: csi2-2 error: Frame sync error
Sep 14 23:37:46 pico-qcd kernel: intel-ipu6 intel-ipu60: csi2-2 error: DPHY non-recoverable synchronization error
Sep 14 23:37:46 pico-qcd kernel: intel-ipu6 intel-ipu60: no frames from ov5693 1-0036 after start; bouncing sensor (retry 23)
Sep 14 23:37:46 pico-qcd kernel: intel-ipu6 intel-ipu60: trace csi 2 error snapshot: rx enable=0x1 lanes=2 config=0x3 status=0x1 hs=0x301 lp=0x0 ctermen=0 csettle=684 d0termen=0 d0settle=661 d1termen=0 d1settle=661 receiver_errors=0x8481
Sep 14 23:37:46 pico-qcd kernel: intel-ipu6 intel-ipu60: csi2-2 error: Frame sync error
Sep 14 23:37:46 pico-qcd kernel: intel-ipu6 intel-ipu60: csi2-2 error: DPHY non-recoverable synchronization error
Sep 14 23:37:46 pico-qcd kernel: intel-ipu6 intel-ipu60: trace csi 2 error snapshot: rx enable=0x1 lanes=2 config=0x3 status=0x0 hs=0x301 lp=0x0 ctermen=0 csettle=684 d0termen=0 d0settle=661 d1termen=0 d1settle=661 receiver_errors=0x8680
Sep 14 23:37:46 pico-qcd kernel: intel-ipu6 intel-ipu60: csi2-2 error: Frame sync error
Sep 14 23:37:46 pico-qcd kernel: intel-ipu6 intel-ipu60: csi2-2 error: DPHY non-recoverable synchronization error
Sep 14 23:37:46 pico-qcd kernel: intel-ipu6 intel-ipu60: trace csi 2 error snapshot: rx enable=0x1 lanes=2 config=0x3 status=0x1 hs=0x301 lp=0x0 ctermen=0 csettle=684 d0termen=0 d0settle=661 d1termen=0 d1settle=661 receiver_errors=0x481
Sep 14 23:37:46 pico-qcd kernel: intel-ipu6 intel-ipu60: csi2-2 error: Frame sync error
Sep 14 23:37:47 pico-qcd kernel: intel-ipu6 intel-ipu60: trace csi 2 error snapshot: rx enable=0x1 lanes=2 config=0x3 status=0x0 hs=0x301 lp=0x0 ctermen=0 csettle=684 d0termen=0 d0settle=661 d1termen=0 d1settle=661 receiver_errors=0x681
Sep 14 23:37:47 pico-qcd kernel: intel-ipu6 intel-ipu60: trace csi 2 error snapshot: rx enable=0x1 lanes=2 config=0x3 status=0x0 hs=0x301 lp=0x0 ctermen=0 csettle=684 d0termen=0 d0settle=661 d1termen=0 d1settle=661 receiver_errors=0x8601
Sep 14 23:37:47 pico-qcd kernel: intel-ipu6 intel-ipu60: no frames from ov5693 1-0036 after start; bouncing sensor (retry 24)
Sep 14 23:37:47 pico-qcd kernel: intel-ipu6 intel-ipu60: trace csi 2 error snapshot: rx enable=0x1 lanes=2 config=0x3 status=0x0 hs=0x301 lp=0x0 ctermen=0 csettle=684 d0termen=0 d0settle=661 d1termen=0 d1settle=661 receiver_errors=0x8681
Sep 14 23:37:47 pico-qcd kernel: intel-ipu6 intel-ipu60: trace csi 2 error snapshot: rx enable=0x1 lanes=2 config=0x3 status=0x0 hs=0x301 lp=0x0 ctermen=0 csettle=684 d0termen=0 d0settle=661 d1termen=0 d1settle=661 receiver_errors=0x4c3
Sep 14 23:37:47 pico-qcd kernel: intel-ipu6 intel-ipu60: trace csi 2 error snapshot: rx enable=0x1 lanes=2 config=0x3 status=0x0 hs=0x301 lp=0x0 ctermen=0 csettle=684 d0termen=0 d0settle=661 d1termen=0 d1settle=661 receiver_errors=0x8401
Sep 14 23:37:47 pico-qcd kernel: intel-ipu6 intel-ipu60: trace csi 2 error snapshot: rx enable=0x1 lanes=2 config=0x3 status=0x0 hs=0x301 lp=0x0 ctermen=0 csettle=684 d0termen=0 d0settle=661 d1termen=0 d1settle=661 receiver_errors=0x481
Sep 14 23:37:47 pico-qcd kernel: intel-ipu6 intel-ipu60: trace csi 2 error snapshot: rx enable=0x1 lanes=2 config=0x3 status=0x0 hs=0x301 lp=0x0 ctermen=0 csettle=684 d0termen=0 d0settle=661 d1termen=0 d1settle=661 receiver_errors=0x480
Sep 14 23:37:48 pico-qcd kernel: intel-ipu6 intel-ipu60: no frames from ov5693 1-0036 after start; bouncing sensor (retry 25)
Sep 14 23:37:48 pico-qcd kernel: intel-ipu6 intel-ipu60: trace csi 2 error snapshot: rx enable=0x1 lanes=2 config=0x3 status=0x0 hs=0x301 lp=0x0 ctermen=0 csettle=684 d0termen=0 d0settle=661 d1termen=0 d1settle=661 receiver_errors=0x8483
Sep 14 23:37:48 pico-qcd kernel: intel-ipu6 intel-ipu60: trace csi 2 error snapshot: rx enable=0x1 lanes=2 config=0x3 status=0x0 hs=0x301 lp=0x0 ctermen=0 csettle=684 d0termen=0 d0settle=661 d1termen=0 d1settle=661 receiver_errors=0x8483
Sep 14 23:37:48 pico-qcd kernel: intel-ipu6 intel-ipu60: trace csi 2 error snapshot: rx enable=0x1 lanes=2 config=0x3 status=0x0 hs=0x301 lp=0x0 ctermen=0 csettle=684 d0termen=0 d0settle=661 d1termen=0 d1settle=661 receiver_errors=0x8481
Sep 14 23:37:48 pico-qcd kernel: intel-ipu6 intel-ipu60: trace csi 2 error snapshot: rx enable=0x1 lanes=2 config=0x3 status=0x0 hs=0x301 lp=0x0 ctermen=0 csettle=684 d0termen=0 d0settle=661 d1termen=0 d1settle=661 receiver_errors=0x8481
Sep 14 23:37:48 pico-qcd kernel: intel-ipu6 intel-ipu60: trace csi 2 error snapshot: rx enable=0x1 lanes=2 config=0x3 status=0x0 hs=0x301 lp=0x0 ctermen=0 csettle=684 d0termen=0 d0settle=661 d1termen=0 d1settle=661 receiver_errors=0x480
Sep 14 23:37:48 pico-qcd kernel: intel-ipu6 intel-ipu60: no frames from ov5693 1-0036 after start; bouncing sensor (retry 26)
Sep 14 23:37:48 pico-qcd kernel: intel-ipu6 intel-ipu60: trace csi 2 error snapshot: rx enable=0x1 lanes=2 config=0x3 status=0x0 hs=0x301 lp=0x0 ctermen=0 csettle=684 d0termen=0 d0settle=661 d1termen=0 d1settle=661 receiver_errors=0x8481
Sep 14 23:37:48 pico-qcd kernel: intel-ipu6 intel-ipu60: trace csi 2 error snapshot: rx enable=0x1 lanes=2 config=0x3 status=0x0 hs=0x301 lp=0x0 ctermen=0 csettle=684 d0termen=0 d0settle=661 d1termen=0 d1settle=661 receiver_errors=0x84c1
Sep 14 23:37:49 pico-qcd kernel: intel-ipu6 intel-ipu60: trace csi 2 error snapshot: rx enable=0x1 lanes=2 config=0x3 status=0x0 hs=0x301 lp=0x0 ctermen=0 csettle=684 d0termen=0 d0settle=661 d1termen=0 d1settle=661 receiver_errors=0x8401
Sep 14 23:37:49 pico-qcd kernel: intel-ipu6 intel-ipu60: trace csi 2 error snapshot: rx enable=0x1 lanes=2 config=0x3 status=0x0 hs=0x301 lp=0x0 ctermen=0 csettle=684 d0termen=0 d0settle=661 d1termen=0 d1settle=661 receiver_errors=0x481
Sep 14 23:37:49 pico-qcd kernel: intel-ipu6 intel-ipu60: trace csi 2 error snapshot: rx enable=0x1 lanes=2 config=0x3 status=0x1 hs=0x301 lp=0x0 ctermen=0 csettle=684 d0termen=0 d0settle=661 d1termen=0 d1settle=661 receiver_errors=0x8401
Sep 14 23:37:49 pico-qcd kernel: intel-ipu6 intel-ipu60: no frames from ov5693 1-0036 after start; bouncing sensor (retry 27)
Sep 14 23:37:49 pico-qcd kernel: intel-ipu6 intel-ipu60: trace csi 2 error snapshot: rx enable=0x1 lanes=2 config=0x3 status=0x0 hs=0x301 lp=0x0 ctermen=0 csettle=684 d0termen=0 d0settle=661 d1termen=0 d1settle=661 receiver_errors=0x8481
Sep 14 23:37:49 pico-qcd kernel: intel-ipu6 intel-ipu60: trace csi 2 error snapshot: rx enable=0x1 lanes=2 config=0x3 status=0x0 hs=0x301 lp=0x0 ctermen=0 csettle=684 d0termen=0 d0settle=661 d1termen=0 d1settle=661 receiver_errors=0x8403
Sep 14 23:37:49 pico-qcd kernel: intel-ipu6 intel-ipu60: trace csi 2 error snapshot: rx enable=0x1 lanes=2 config=0x3 status=0x0 hs=0x301 lp=0x0 ctermen=0 csettle=684 d0termen=0 d0settle=661 d1termen=0 d1settle=661 receiver_errors=0x480
Sep 14 23:37:49 pico-qcd kernel: intel-ipu6 intel-ipu60: trace csi 2 error snapshot: rx enable=0x1 lanes=2 config=0x3 status=0x1 hs=0x301 lp=0x0 ctermen=0 csettle=684 d0termen=0 d0settle=661 d1termen=0 d1settle=661 receiver_errors=0x8400
Sep 14 23:37:49 pico-qcd kernel: intel-ipu6 intel-ipu60: trace csi 2 error snapshot: rx enable=0x1 lanes=2 config=0x3 status=0x0 hs=0x301 lp=0x0 ctermen=0 csettle=684 d0termen=0 d0settle=661 d1termen=0 d1settle=661 receiver_errors=0x481
Sep 14 23:37:50 pico-qcd kernel: intel-ipu6 intel-ipu60: no frames from ov5693 1-0036 after start; bouncing sensor (retry 28)
Sep 14 23:37:50 pico-qcd kernel: intel-ipu6 intel-ipu60: trace csi 2 error snapshot: rx enable=0x1 lanes=2 config=0x3 status=0x1 hs=0x301 lp=0x0 ctermen=0 csettle=684 d0termen=0 d0settle=661 d1termen=0 d1settle=661 receiver_errors=0x8481
Sep 14 23:37:50 pico-qcd kernel: intel-ipu6 intel-ipu60: trace csi 2 error snapshot: rx enable=0x1 lanes=2 config=0x3 status=0x1 hs=0x301 lp=0x0 ctermen=0 csettle=684 d0termen=0 d0settle=661 d1termen=0 d1settle=661 receiver_errors=0x8480
Sep 14 23:37:50 pico-qcd kernel: intel-ipu6 intel-ipu60: trace csi 2 error snapshot: rx enable=0x1 lanes=2 config=0x3 status=0x0 hs=0x301 lp=0x0 ctermen=0 csettle=684 d0termen=0 d0settle=661 d1termen=0 d1settle=661 receiver_errors=0x8400
Sep 14 23:37:50 pico-qcd kernel: intel-ipu6 intel-ipu60: trace csi 2 error snapshot: rx enable=0x1 lanes=2 config=0x3 status=0x1 hs=0x301 lp=0x0 ctermen=0 csettle=684 d0termen=0 d0settle=661 d1termen=0 d1settle=661 receiver_errors=0x8400
Sep 14 23:37:50 pico-qcd kernel: intel-ipu6 intel-ipu60: trace csi 2 error snapshot: rx enable=0x1 lanes=2 config=0x3 status=0x1 hs=0x301 lp=0x0 ctermen=0 csettle=684 d0termen=0 d0settle=661 d1termen=0 d1settle=661 receiver_errors=0x8400
Sep 14 23:37:50 pico-qcd kernel: intel-ipu6 intel-ipu60: no frames from ov5693 1-0036 after start; bouncing sensor (retry 29)
Sep 14 23:37:50 pico-qcd kernel: intel-ipu6 intel-ipu60: trace csi 2 error snapshot: rx enable=0x1 lanes=2 config=0x3 status=0x0 hs=0x301 lp=0x0 ctermen=0 csettle=684 d0termen=0 d0settle=661 d1termen=0 d1settle=661 receiver_errors=0x8481
Sep 14 23:37:50 pico-qcd kernel: intel-ipu6 intel-ipu60: trace csi 2 error snapshot: rx enable=0x1 lanes=2 config=0x3 status=0x0 hs=0x301 lp=0x0 ctermen=0 csettle=684 d0termen=0 d0settle=661 d1termen=0 d1settle=661 receiver_errors=0x8480
Sep 14 23:37:50 pico-qcd kernel: intel-ipu6 intel-ipu60: trace csi 2 error snapshot: rx enable=0x1 lanes=2 config=0x3 status=0x1 hs=0x301 lp=0x0 ctermen=0 csettle=684 d0termen=0 d0settle=661 d1termen=0 d1settle=661 receiver_errors=0x8400
Sep 14 23:37:50 pico-qcd kernel: intel-ipu6 intel-ipu60: trace csi 2 error snapshot: rx enable=0x1 lanes=2 config=0x3 status=0x1 hs=0x301 lp=0x0 ctermen=0 csettle=684 d0termen=0 d0settle=661 d1termen=0 d1settle=661 receiver_errors=0x8400
Sep 14 23:37:50 pico-qcd kernel: intel-ipu6 intel-ipu60: trace csi 2 error snapshot: rx enable=0x1 lanes=2 config=0x3 status=0x1 hs=0x301 lp=0x0 ctermen=0 csettle=684 d0termen=0 d0settle=661 d1termen=0 d1settle=661 receiver_errors=0x8400
Sep 14 23:37:51 pico-qcd kernel: intel-ipu6 intel-ipu60: no frames from ov5693 1-0036 after start; bouncing sensor (retry 30)
Sep 14 23:37:51 pico-qcd kernel: intel-ipu6 intel-ipu60: trace csi 2 error snapshot: rx enable=0x1 lanes=2 config=0x3 status=0x1 hs=0x301 lp=0x0 ctermen=0 csettle=684 d0termen=0 d0settle=661 d1termen=0 d1settle=661 receiver_errors=0x8480
Sep 14 23:37:51 pico-qcd kernel: ipu_isys_csi2_error: 55 callbacks suppressed
Sep 14 23:37:51 pico-qcd kernel: intel-ipu6 intel-ipu60: csi2-2 error: Frame sync error
Sep 14 23:37:51 pico-qcd kernel: intel-ipu6 intel-ipu60: csi2-2 error: DPHY non-recoverable synchronization error
Sep 14 23:37:51 pico-qcd kernel: intel-ipu6 intel-ipu60: trace csi 2 error snapshot: rx enable=0x1 lanes=2 config=0x3 status=0x1 hs=0x301 lp=0x0 ctermen=0 csettle=684 d0termen=0 d0settle=661 d1termen=0 d1settle=661 receiver_errors=0x86c3
Sep 14 23:37:51 pico-qcd kernel: intel-ipu6 intel-ipu60: csi2-2 error: Incomplete long packet detected
Sep 14 23:37:51 pico-qcd kernel: intel-ipu6 intel-ipu60: csi2-2 error: Frame sync error
Sep 14 23:37:51 pico-qcd kernel: intel-ipu6 intel-ipu60: csi2-2 error: DPHY non-recoverable synchronization error
Sep 14 23:37:51 pico-qcd kernel: intel-ipu6 intel-ipu60: trace csi 2 error snapshot: rx enable=0x1 lanes=2 config=0x3 status=0x1 hs=0x301 lp=0x0 ctermen=0 csettle=684 d0termen=0 d0settle=661 d1termen=0 d1settle=661 receiver_errors=0x8481
Sep 14 23:37:51 pico-qcd kernel: intel-ipu6 intel-ipu60: csi2-2 error: Frame sync error
Sep 14 23:37:51 pico-qcd kernel: intel-ipu6 intel-ipu60: csi2-2 error: DPHY non-recoverable synchronization error
Sep 14 23:37:51 pico-qcd kernel: intel-ipu6 intel-ipu60: trace csi 2 error snapshot: rx enable=0x1 lanes=2 config=0x3 status=0x1 hs=0x301 lp=0x0 ctermen=0 csettle=684 d0termen=0 d0settle=661 d1termen=0 d1settle=661 receiver_errors=0x481
Sep 14 23:37:51 pico-qcd kernel: intel-ipu6 intel-ipu60: csi2-2 error: Frame sync error
Sep 14 23:37:51 pico-qcd kernel: intel-ipu6 intel-ipu60: csi2-2 error: DPHY non-recoverable synchronization error
Sep 14 23:37:51 pico-qcd kernel: intel-ipu6 intel-ipu60: trace csi 2 error snapshot: rx enable=0x1 lanes=2 config=0x3 status=0x0 hs=0x301 lp=0x0 ctermen=0 csettle=684 d0termen=0 d0settle=661 d1termen=0 d1settle=661 receiver_errors=0x8401
Sep 14 23:37:51 pico-qcd kernel: intel-ipu6 intel-ipu60: csi2-2 error: DPHY non-recoverable synchronization error
Sep 14 23:37:52 pico-qcd kernel: intel-ipu6 intel-ipu60: trace csi 2 error snapshot: rx enable=0x1 lanes=2 config=0x3 status=0x0 hs=0x301 lp=0x0 ctermen=0 csettle=684 d0termen=0 d0settle=661 d1termen=0 d1settle=661 receiver_errors=0x481
Sep 14 23:37:52 pico-qcd kernel: intel-ipu6 intel-ipu60: trace csi 2 error snapshot: rx enable=0x1 lanes=2 config=0x3 status=0x0 hs=0x301 lp=0x0 ctermen=0 csettle=684 d0termen=0 d0settle=661 d1termen=0 d1settle=661 receiver_errors=0x480
Sep 14 23:37:52 pico-qcd kernel: intel-ipu6 intel-ipu60: trace csi 2 error snapshot: rx enable=0x1 lanes=2 config=0x3 status=0x1 hs=0x301 lp=0x0 ctermen=0 csettle=684 d0termen=0 d0settle=661 d1termen=0 d1settle=661 receiver_errors=0x8400
Sep 14 23:37:52 pico-qcd kernel: intel-ipu6 intel-ipu60: trace csi 2 error snapshot: rx enable=0x1 lanes=2 config=0x3 status=0x0 hs=0x301 lp=0x0 ctermen=0 csettle=684 d0termen=0 d0settle=661 d1termen=0 d1settle=661 receiver_errors=0x8400
Sep 14 23:37:52 pico-qcd kernel: intel-ipu6 intel-ipu60: trace csi 2 error snapshot: rx enable=0x1 lanes=2 config=0x3 status=0x1 hs=0x301 lp=0x0 ctermen=0 csettle=684 d0termen=0 d0settle=661 d1termen=0 d1settle=661 receiver_errors=0x8401
Sep 14 23:37:52 pico-qcd kernel: intel-ipu6 intel-ipu60: trace csi 2 error snapshot: rx enable=0x1 lanes=2 config=0x3 status=0x0 hs=0x301 lp=0x0 ctermen=0 csettle=684 d0termen=0 d0settle=661 d1termen=0 d1settle=661 receiver_errors=0x8681
Sep 14 23:37:52 pico-qcd kernel: intel-ipu6 intel-ipu60: trace csi 2 error snapshot: rx enable=0x1 lanes=2 config=0x3 status=0x1 hs=0x301 lp=0x0 ctermen=0 csettle=684 d0termen=0 d0settle=661 d1termen=0 d1settle=661 receiver_errors=0x8401
Sep 14 23:37:52 pico-qcd kernel: intel-ipu6 intel-ipu60: trace csi 2 error snapshot: rx enable=0x1 lanes=2 config=0x3 status=0x1 hs=0x301 lp=0x0 ctermen=0 csettle=684 d0termen=0 d0settle=661 d1termen=0 d1settle=661 receiver_errors=0x8401
Sep 14 23:37:52 pico-qcd kernel: intel-ipu6 intel-ipu60: trace csi 2 error snapshot: rx enable=0x1 lanes=2 config=0x3 status=0x0 hs=0x301 lp=0x0 ctermen=0 csettle=684 d0termen=0 d0settle=661 d1termen=0 d1settle=661 receiver_errors=0x8601
Sep 14 23:37:52 pico-qcd kernel: intel-ipu6 intel-ipu60: trace csi 2 error snapshot: rx enable=0x1 lanes=2 config=0x3 status=0x0 hs=0x301 lp=0x0 ctermen=0 csettle=684 d0termen=0 d0settle=661 d1termen=0 d1settle=661 receiver_errors=0x8401
Sep 14 23:37:52 pico-qcd kernel: intel-ipu6 intel-ipu60: trace csi 2 error snapshot: rx enable=0x1 lanes=2 config=0x3 status=0x1 hs=0x301 lp=0x0 ctermen=0 csettle=684 d0termen=0 d0settle=661 d1termen=0 d1settle=661 receiver_errors=0x481
Sep 14 23:37:52 pico-qcd kernel: intel-ipu6 intel-ipu60: trace csi 2 error snapshot: rx enable=0x1 lanes=2 config=0x3 status=0x1 hs=0x301 lp=0x0 ctermen=0 csettle=684 d0termen=0 d0settle=661 d1termen=0 d1settle=661 receiver_errors=0x681
Sep 14 23:37:52 pico-qcd kernel: intel-ipu6 intel-ipu60: trace csi 2 error snapshot: rx enable=0x1 lanes=2 config=0x3 status=0x0 hs=0x301 lp=0x0 ctermen=0 csettle=684 d0termen=0 d0settle=661 d1termen=0 d1settle=661 receiver_errors=0x8603
Sep 14 23:37:52 pico-qcd kernel: intel-ipu6 intel-ipu60: trace csi 2 error snapshot: rx enable=0x1 lanes=2 config=0x3 status=0x1 hs=0x301 lp=0x0 ctermen=0 csettle=684 d0termen=0 d0settle=661 d1termen=0 d1settle=661 receiver_errors=0x8603
Sep 14 23:37:52 pico-qcd kernel: intel-ipu6 intel-ipu60: trace csi 2 error snapshot: rx enable=0x1 lanes=2 config=0x3 status=0x0 hs=0x301 lp=0x0 ctermen=0 csettle=684 d0termen=0 d0settle=661 d1termen=0 d1settle=661 receiver_errors=0x8401
Sep 14 23:37:53 pico-qcd kernel: intel-ipu6 intel-ipu60: trace csi 2 error snapshot: rx enable=0x1 lanes=2 config=0x3 status=0x1 hs=0x301 lp=0x0 ctermen=0 csettle=684 d0termen=0 d0settle=661 d1termen=0 d1settle=661 receiver_errors=0x8401
Sep 14 23:37:53 pico-qcd kernel: intel-ipu6 intel-ipu60: trace csi 2 error snapshot: rx enable=0x1 lanes=2 config=0x3 status=0x0 hs=0x301 lp=0x0 ctermen=0 csettle=684 d0termen=0 d0settle=661 d1termen=0 d1settle=661 receiver_errors=0x8601
Sep 14 23:37:53 pico-qcd kernel: intel-ipu6 intel-ipu60: trace csi 2 error snapshot: rx enable=0x1 lanes=2 config=0x3 status=0x0 hs=0x301 lp=0x0 ctermen=0 csettle=684 d0termen=0 d0settle=661 d1termen=0 d1settle=661 receiver_errors=0x480
Sep 14 23:37:53 pico-qcd kernel: intel-ipu6 intel-ipu60: trace csi 2 error snapshot: rx enable=0x1 lanes=2 config=0x3 status=0x1 hs=0x301 lp=0x0 ctermen=0 csettle=684 d0termen=0 d0settle=661 d1termen=0 d1settle=661 receiver_errors=0x8401
Sep 14 23:37:53 pico-qcd kernel: intel-ipu6 intel-ipu60: trace csi 2 error snapshot: rx enable=0x1 lanes=2 config=0x3 status=0x0 hs=0x301 lp=0x0 ctermen=0 csettle=684 d0termen=0 d0settle=661 d1termen=0 d1settle=661 receiver_errors=0x8403
Sep 14 23:37:53 pico-qcd kernel: intel-ipu6 intel-ipu60: trace csi 2 error snapshot: rx enable=0x1 lanes=2 config=0x3 status=0x1 hs=0x301 lp=0x0 ctermen=0 csettle=684 d0termen=0 d0settle=661 d1termen=0 d1settle=661 receiver_errors=0x481
Sep 14 23:37:53 pico-qcd kernel: intel-ipu6 intel-ipu60: trace csi 2 error snapshot: rx enable=0x1 lanes=2 config=0x3 status=0x1 hs=0x301 lp=0x0 ctermen=0 csettle=684 d0termen=0 d0settle=661 d1termen=0 d1settle=661 receiver_errors=0x8401
Sep 14 23:37:53 pico-qcd kernel: intel-ipu6 intel-ipu60: trace csi 2 error snapshot: rx enable=0x1 lanes=2 config=0x3 status=0x0 hs=0x301 lp=0x0 ctermen=0 csettle=684 d0termen=0 d0settle=661 d1termen=0 d1settle=661 receiver_errors=0x8601
Sep 14 23:37:53 pico-qcd kernel: intel-ipu6 intel-ipu60: trace csi 2 error snapshot: rx enable=0x1 lanes=2 config=0x3 status=0x0 hs=0x301 lp=0x0 ctermen=0 csettle=684 d0termen=0 d0settle=661 d1termen=0 d1settle=661 receiver_errors=0x8603
Sep 14 23:37:53 pico-qcd kernel: intel-ipu6 intel-ipu60: trace csi 2 error snapshot: rx enable=0x1 lanes=2 config=0x3 status=0x0 hs=0x301 lp=0x0 ctermen=0 csettle=684 d0termen=0 d0settle=661 d1termen=0 d1settle=661 receiver_errors=0x8401
Sep 14 23:37:53 pico-qcd kernel: intel-ipu6 intel-ipu60: trace csi 2 error snapshot: rx enable=0x1 lanes=2 config=0x3 status=0x1 hs=0x301 lp=0x0 ctermen=0 csettle=684 d0termen=0 d0settle=661 d1termen=0 d1settle=661 receiver_errors=0x8401
Sep 14 23:37:53 pico-qcd kernel: intel-ipu6 intel-ipu60: trace csi 2 error snapshot: rx enable=0x1 lanes=2 config=0x3 status=0x1 hs=0x301 lp=0x0 ctermen=0 csettle=684 d0termen=0 d0settle=661 d1termen=0 d1settle=661 receiver_errors=0x8601
Sep 14 23:37:53 pico-qcd kernel: intel-ipu6 intel-ipu60: trace csi 2 error snapshot: rx enable=0x1 lanes=2 config=0x3 status=0x1 hs=0x301 lp=0x0 ctermen=0 csettle=684 d0termen=0 d0settle=661 d1termen=0 d1settle=661 receiver_errors=0x8401
Sep 14 23:37:53 pico-qcd kernel: intel-ipu6 intel-ipu60: trace csi 2 error snapshot: rx enable=0x1 lanes=2 config=0x3 status=0x0 hs=0x301 lp=0x0 ctermen=0 csettle=684 d0termen=0 d0settle=661 d1termen=0 d1settle=661 receiver_errors=0x8481
Sep 14 23:37:53 pico-qcd kernel: intel-ipu6 intel-ipu60: trace csi 2 error snapshot: rx enable=0x1 lanes=2 config=0x3 status=0x0 hs=0x301 lp=0x0 ctermen=0 csettle=684 d0termen=0 d0settle=661 d1termen=0 d1settle=661 receiver_errors=0x481
Sep 14 23:37:53 pico-qcd kernel: intel-ipu6 intel-ipu60: trace csi 2 error snapshot: rx enable=0x1 lanes=2 config=0x3 status=0x0 hs=0x301 lp=0x0 ctermen=0 csettle=684 d0termen=0 d0settle=661 d1termen=0 d1settle=661 receiver_errors=0x681
Sep 14 23:37:53 pico-qcd kernel: intel-ipu6 intel-ipu60: trace csi 2 error snapshot: rx enable=0x1 lanes=2 config=0x3 status=0x0 hs=0x301 lp=0x0 ctermen=0 csettle=684 d0termen=0 d0settle=661 d1termen=0 d1settle=661 receiver_errors=0x8401
Sep 14 23:37:53 pico-qcd kernel: intel-ipu6 intel-ipu60: trace csi 2 error snapshot: rx enable=0x1 lanes=2 config=0x3 status=0x1 hs=0x301 lp=0x0 ctermen=0 csettle=684 d0termen=0 d0settle=661 d1termen=0 d1settle=661 receiver_errors=0x481
Sep 14 23:37:53 pico-qcd kernel: intel-ipu6 intel-ipu60: trace csi 2 error snapshot: rx enable=0x1 lanes=2 config=0x3 status=0x1 hs=0x301 lp=0x0 ctermen=0 csettle=684 d0termen=0 d0settle=661 d1termen=0 d1settle=661 receiver_errors=0x481
Sep 14 23:37:54 pico-qcd kernel: intel-ipu6 intel-ipu60: trace csi 2 error snapshot: rx enable=0x1 lanes=2 config=0x3 status=0x1 hs=0x301 lp=0x0 ctermen=0 csettle=684 d0termen=0 d0settle=661 d1termen=0 d1settle=661 receiver_errors=0x681
Sep 14 23:37:54 pico-qcd kernel: intel-ipu6 intel-ipu60: trace csi 2 error snapshot: rx enable=0x1 lanes=2 config=0x3 status=0x1 hs=0x301 lp=0x0 ctermen=0 csettle=684 d0termen=0 d0settle=661 d1termen=0 d1settle=661 receiver_errors=0x8401
Sep 14 23:37:54 pico-qcd kernel: intel-ipu6 intel-ipu60: trace csi 2 error snapshot: rx enable=0x1 lanes=2 config=0x3 status=0x0 hs=0x301 lp=0x0 ctermen=0 csettle=684 d0termen=0 d0settle=661 d1termen=0 d1settle=661 receiver_errors=0x480
Sep 14 23:37:54 pico-qcd kernel: intel-ipu6 intel-ipu60: trace csi 2 error snapshot: rx enable=0x1 lanes=2 config=0x3 status=0x1 hs=0x301 lp=0x0 ctermen=0 csettle=684 d0termen=0 d0settle=661 d1termen=0 d1settle=661 receiver_errors=0x8401
Sep 14 23:37:54 pico-qcd kernel: intel-ipu6 intel-ipu60: trace csi 2 error snapshot: rx enable=0x1 lanes=2 config=0x3 status=0x0 hs=0x301 lp=0x0 ctermen=0 csettle=684 d0termen=0 d0settle=661 d1termen=0 d1settle=661 receiver_errors=0x8401
Sep 14 23:37:54 pico-qcd kernel: intel-ipu6 intel-ipu60: trace csi 2 error snapshot: rx enable=0x1 lanes=2 config=0x3 status=0x1 hs=0x301 lp=0x0 ctermen=0 csettle=684 d0termen=0 d0settle=661 d1termen=0 d1settle=661 receiver_errors=0x8481
Sep 14 23:37:54 pico-qcd kernel: intel-ipu6 intel-ipu60: trace csi 2 error snapshot: rx enable=0x1 lanes=2 config=0x3 status=0x0 hs=0x301 lp=0x0 ctermen=0 csettle=684 d0termen=0 d0settle=661 d1termen=0 d1settle=661 receiver_errors=0x683
Sep 14 23:37:54 pico-qcd kernel: intel-ipu6 intel-ipu60: trace csi 2 error snapshot: rx enable=0x1 lanes=2 config=0x3 status=0x1 hs=0x301 lp=0x0 ctermen=0 csettle=684 d0termen=0 d0settle=661 d1termen=0 d1settle=661 receiver_errors=0x8401
Sep 14 23:37:54 pico-qcd kernel: intel-ipu6 intel-ipu60: trace csi 2 error snapshot: rx enable=0x1 lanes=2 config=0x3 status=0x0 hs=0x301 lp=0x0 ctermen=0 csettle=684 d0termen=0 d0settle=661 d1termen=0 d1settle=661 receiver_errors=0x481
Sep 14 23:37:54 pico-qcd kernel: intel-ipu6 intel-ipu60: trace csi 2 error snapshot: rx enable=0x1 lanes=2 config=0x3 status=0x0 hs=0x301 lp=0x0 ctermen=0 csettle=684 d0termen=0 d0settle=661 d1termen=0 d1settle=661 receiver_errors=0x8601
Sep 14 23:37:54 pico-qcd kernel: intel-ipu6 intel-ipu60: trace csi 2 error snapshot: rx enable=0x1 lanes=2 config=0x3 status=0x1 hs=0x301 lp=0x0 ctermen=0 csettle=684 d0termen=0 d0settle=661 d1termen=0 d1settle=661 receiver_errors=0x8481
Sep 14 23:37:54 pico-qcd kernel: intel-ipu6 intel-ipu60: trace csi 2 error snapshot: rx enable=0x1 lanes=2 config=0x3 status=0x0 hs=0x301 lp=0x0 ctermen=0 csettle=684 d0termen=0 d0settle=661 d1termen=0 d1settle=661 receiver_errors=0x8401
Sep 14 23:37:54 pico-qcd kernel: intel-ipu6 intel-ipu60: trace csi 2 error snapshot: rx enable=0x1 lanes=2 config=0x3 status=0x0 hs=0x301 lp=0x0 ctermen=0 csettle=684 d0termen=0 d0settle=661 d1termen=0 d1settle=661 receiver_errors=0x8401
Sep 14 23:37:54 pico-qcd kernel: intel-ipu6 intel-ipu60: trace csi 2 error snapshot: rx enable=0x1 lanes=2 config=0x3 status=0x0 hs=0x301 lp=0x0 ctermen=0 csettle=684 d0termen=0 d0settle=661 d1termen=0 d1settle=661 receiver_errors=0x8601
Sep 14 23:37:54 pico-qcd kernel: intel-ipu6 intel-ipu60: trace csi 2 error snapshot: rx enable=0x1 lanes=2 config=0x3 status=0x0 hs=0x301 lp=0x0 ctermen=0 csettle=684 d0termen=0 d0settle=661 d1termen=0 d1settle=661 receiver_errors=0x8681
Sep 14 23:37:54 pico-qcd kernel: intel-ipu6 intel-ipu60: trace csi 2 error snapshot: rx enable=0x1 lanes=2 config=0x3 status=0x0 hs=0x301 lp=0x0 ctermen=0 csettle=684 d0termen=0 d0settle=661 d1termen=0 d1settle=661 receiver_errors=0x481
Sep 14 23:37:54 pico-qcd kernel: intel-ipu6 intel-ipu60: trace csi 2 error snapshot: rx enable=0x1 lanes=2 config=0x3 status=0x1 hs=0x301 lp=0x0 ctermen=0 csettle=684 d0termen=0 d0settle=661 d1termen=0 d1settle=661 receiver_errors=0x681
Sep 14 23:37:55 pico-qcd kernel: intel-ipu6 intel-ipu60: trace csi 2 error snapshot: rx enable=0x1 lanes=2 config=0x3 status=0x0 hs=0x301 lp=0x0 ctermen=0 csettle=684 d0termen=0 d0settle=661 d1termen=0 d1settle=661 receiver_errors=0x8601
Sep 14 23:37:55 pico-qcd kernel: intel-ipu6 intel-ipu60: trace csi 2 error snapshot: rx enable=0x1 lanes=2 config=0x3 status=0x1 hs=0x301 lp=0x0 ctermen=0 csettle=684 d0termen=0 d0settle=661 d1termen=0 d1settle=661 receiver_errors=0x681
Sep 14 23:37:55 pico-qcd kernel: intel-ipu6 intel-ipu60: trace csi 2 error snapshot: rx enable=0x1 lanes=2 config=0x3 status=0x0 hs=0x301 lp=0x0 ctermen=0 csettle=684 d0termen=0 d0settle=661 d1termen=0 d1settle=661 receiver_errors=0x481
Sep 14 23:37:55 pico-qcd kernel: intel-ipu6 intel-ipu60: trace csi 2 error snapshot: rx enable=0x1 lanes=2 config=0x3 status=0x1 hs=0x301 lp=0x0 ctermen=0 csettle=684 d0termen=0 d0settle=661 d1termen=0 d1settle=661 receiver_errors=0x8681
Sep 14 23:37:55 pico-qcd kernel: intel-ipu6 intel-ipu60: trace csi 2 error snapshot: rx enable=0x1 lanes=2 config=0x3 status=0x0 hs=0x301 lp=0x0 ctermen=0 csettle=684 d0termen=0 d0settle=661 d1termen=0 d1settle=661 receiver_errors=0x8603
Sep 14 23:37:55 pico-qcd kernel: intel-ipu6 intel-ipu60: trace csi 2 error snapshot: rx enable=0x1 lanes=2 config=0x3 status=0x1 hs=0x301 lp=0x0 ctermen=0 csettle=684 d0termen=0 d0settle=661 d1termen=0 d1settle=661 receiver_errors=0x681
Sep 14 23:37:55 pico-qcd kernel: intel-ipu6 intel-ipu60: trace csi 2 error snapshot: rx enable=0x1 lanes=2 config=0x3 status=0x0 hs=0x301 lp=0x0 ctermen=0 csettle=684 d0termen=0 d0settle=661 d1termen=0 d1settle=661 receiver_errors=0x8401
Sep 14 23:37:55 pico-qcd kernel: intel-ipu6 intel-ipu60: trace csi 2 error snapshot: rx enable=0x1 lanes=2 config=0x3 status=0x1 hs=0x301 lp=0x0 ctermen=0 csettle=684 d0termen=0 d0settle=661 d1termen=0 d1settle=661 receiver_errors=0x481
Sep 14 23:37:55 pico-qcd kernel: intel-ipu6 intel-ipu60: trace csi 2 error snapshot: rx enable=0x1 lanes=2 config=0x3 status=0x1 hs=0x301 lp=0x0 ctermen=0 csettle=684 d0termen=0 d0settle=661 d1termen=0 d1settle=661 receiver_errors=0x8401
Sep 14 23:37:55 pico-qcd kernel: intel-ipu6 intel-ipu60: trace csi 2 error snapshot: rx enable=0x1 lanes=2 config=0x3 status=0x0 hs=0x301 lp=0x0 ctermen=0 csettle=684 d0termen=0 d0settle=661 d1termen=0 d1settle=661 receiver_errors=0x481
Sep 14 23:37:55 pico-qcd kernel: intel-ipu6 intel-ipu60: trace csi 2 error snapshot: rx enable=0x1 lanes=2 config=0x3 status=0x0 hs=0x301 lp=0x0 ctermen=0 csettle=684 d0termen=0 d0settle=661 d1termen=0 d1settle=661 receiver_errors=0x8681
Sep 14 23:37:55 pico-qcd kernel: intel-ipu6 intel-ipu60: trace csi 2 error snapshot: rx enable=0x1 lanes=2 config=0x3 status=0x1 hs=0x301 lp=0x0 ctermen=0 csettle=684 d0termen=0 d0settle=661 d1termen=0 d1settle=661 receiver_errors=0x683
Sep 14 23:37:55 pico-qcd kernel: intel-ipu6 intel-ipu60: trace csi 2 error snapshot: rx enable=0x1 lanes=2 config=0x3 status=0x1 hs=0x301 lp=0x0 ctermen=0 csettle=684 d0termen=0 d0settle=661 d1termen=0 d1settle=661 receiver_errors=0x8401
Sep 14 23:37:55 pico-qcd kernel: intel-ipu6 intel-ipu60: trace csi 2 error snapshot: rx enable=0x1 lanes=2 config=0x3 status=0x0 hs=0x301 lp=0x0 ctermen=0 csettle=684 d0termen=0 d0settle=661 d1termen=0 d1settle=661 receiver_errors=0x8401
Sep 14 23:37:55 pico-qcd kernel: intel-ipu6 intel-ipu60: trace csi 2 error snapshot: rx enable=0x1 lanes=2 config=0x3 status=0x1 hs=0x301 lp=0x0 ctermen=0 csettle=684 d0termen=0 d0settle=661 d1termen=0 d1settle=661 receiver_errors=0x8401
Sep 14 23:37:56 pico-qcd kernel: intel-ipu6 intel-ipu60: trace csi 2 error snapshot: rx enable=0x1 lanes=2 config=0x3 status=0x0 hs=0x301 lp=0x0 ctermen=0 csettle=684 d0termen=0 d0settle=661 d1termen=0 d1settle=661 receiver_errors=0x8401
Sep 14 23:37:56 pico-qcd kernel: intel-ipu6 intel-ipu60: trace csi 2 error snapshot: rx enable=0x1 lanes=2 config=0x3 status=0x0 hs=0x301 lp=0x0 ctermen=0 csettle=684 d0termen=0 d0settle=661 d1termen=0 d1settle=661 receiver_errors=0x8681
Sep 14 23:37:56 pico-qcd kernel: intel-ipu6 intel-ipu60: trace csi 2 error snapshot: rx enable=0x1 lanes=2 config=0x3 status=0x1 hs=0x301 lp=0x0 ctermen=0 csettle=684 d0termen=0 d0settle=661 d1termen=0 d1settle=661 receiver_errors=0x683
Sep 14 23:37:56 pico-qcd kernel: intel-ipu6 intel-ipu60: trace csi 2 error snapshot: rx enable=0x1 lanes=2 config=0x3 status=0x0 hs=0x301 lp=0x0 ctermen=0 csettle=684 d0termen=0 d0settle=661 d1termen=0 d1settle=661 receiver_errors=0x8601
Sep 14 23:37:56 pico-qcd kernel: ipu_isys_csi2_error: 100 callbacks suppressed
Sep 14 23:37:56 pico-qcd kernel: intel-ipu6 intel-ipu60: csi2-2 error: DPHY non-recoverable synchronization error
Sep 14 23:37:56 pico-qcd kernel: intel-ipu6 intel-ipu60: trace csi 2 error snapshot: rx enable=0x1 lanes=2 config=0x3 status=0x0 hs=0x301 lp=0x0 ctermen=0 csettle=684 d0termen=0 d0settle=661 d1termen=0 d1settle=661 receiver_errors=0x8401
Sep 14 23:37:56 pico-qcd kernel: intel-ipu6 intel-ipu60: csi2-2 error: DPHY non-recoverable synchronization error
Sep 14 23:37:56 pico-qcd kernel: intel-ipu6 intel-ipu60: trace csi 2 error snapshot: rx enable=0x1 lanes=2 config=0x3 status=0x0 hs=0x301 lp=0x0 ctermen=0 csettle=684 d0termen=0 d0settle=661 d1termen=0 d1settle=661 receiver_errors=0x481
Sep 14 23:37:56 pico-qcd kernel: intel-ipu6 intel-ipu60: csi2-2 error: Frame sync error
Sep 14 23:37:56 pico-qcd kernel: intel-ipu6 intel-ipu60: csi2-2 error: DPHY non-recoverable synchronization error
Sep 14 23:37:56 pico-qcd kernel: intel-ipu6 intel-ipu60: trace csi 2 error snapshot: rx enable=0x1 lanes=2 config=0x3 status=0x0 hs=0x301 lp=0x0 ctermen=0 csettle=684 d0termen=0 d0settle=661 d1termen=0 d1settle=661 receiver_errors=0x8601
Sep 14 23:37:56 pico-qcd kernel: intel-ipu6 intel-ipu60: csi2-2 error: DPHY non-recoverable synchronization error
Sep 14 23:37:56 pico-qcd kernel: intel-ipu6 intel-ipu60: trace csi 2 error snapshot: rx enable=0x1 lanes=2 config=0x3 status=0x1 hs=0x301 lp=0x0 ctermen=0 csettle=684 d0termen=0 d0settle=661 d1termen=0 d1settle=661 receiver_errors=0x481
Sep 14 23:37:56 pico-qcd kernel: intel-ipu6 intel-ipu60: csi2-2 error: Frame sync error
Sep 14 23:37:56 pico-qcd kernel: intel-ipu6 intel-ipu60: csi2-2 error: DPHY non-recoverable synchronization error
Sep 14 23:37:56 pico-qcd kernel: intel-ipu6 intel-ipu60: trace csi 2 error snapshot: rx enable=0x1 lanes=2 config=0x3 status=0x0 hs=0x301 lp=0x0 ctermen=0 csettle=684 d0termen=0 d0settle=661 d1termen=0 d1settle=661 receiver_errors=0x8481
Sep 14 23:37:56 pico-qcd kernel: intel-ipu6 intel-ipu60: csi2-2 error: Frame sync error
Sep 14 23:37:56 pico-qcd kernel: intel-ipu6 intel-ipu60: csi2-2 error: DPHY non-recoverable synchronization error
Sep 14 23:37:56 pico-qcd kernel: intel-ipu6 intel-ipu60: trace csi 2 error snapshot: rx enable=0x1 lanes=2 config=0x3 status=0x1 hs=0x301 lp=0x0 ctermen=0 csettle=684 d0termen=0 d0settle=661 d1termen=0 d1settle=661 receiver_errors=0x8601
Sep 14 23:37:56 pico-qcd kernel: intel-ipu6 intel-ipu60: csi2-2 error: DPHY non-recoverable synchronization error
Sep 14 23:37:56 pico-qcd kernel: intel-ipu6 intel-ipu60: trace csi 2 error snapshot: rx enable=0x1 lanes=2 config=0x3 status=0x1 hs=0x301 lp=0x0 ctermen=0 csettle=684 d0termen=0 d0settle=661 d1termen=0 d1settle=661 receiver_errors=0x8681
Sep 14 23:37:56 pico-qcd kernel: intel-ipu6 intel-ipu60: trace csi 2 error snapshot: rx enable=0x1 lanes=2 config=0x3 status=0x1 hs=0x301 lp=0x0 ctermen=0 csettle=684 d0termen=0 d0settle=661 d1termen=0 d1settle=661 receiver_errors=0x8401
Sep 14 23:37:56 pico-qcd kernel: intel-ipu6 intel-ipu60: trace csi 2 error snapshot: rx enable=0x1 lanes=2 config=0x3 status=0x0 hs=0x301 lp=0x0 ctermen=0 csettle=684 d0termen=0 d0settle=661 d1termen=0 d1settle=661 receiver_errors=0x481
Sep 14 23:37:56 pico-qcd kernel: intel-ipu6 intel-ipu60: trace csi 2 error snapshot: rx enable=0x1 lanes=2 config=0x3 status=0x0 hs=0x301 lp=0x0 ctermen=0 csettle=684 d0termen=0 d0settle=661 d1termen=0 d1settle=661 receiver_errors=0x681
Sep 14 23:37:57 pico-qcd kernel: intel-ipu6 intel-ipu60: trace csi 2 error snapshot: rx enable=0x1 lanes=2 config=0x3 status=0x1 hs=0x301 lp=0x0 ctermen=0 csettle=684 d0termen=0 d0settle=661 d1termen=0 d1settle=661 receiver_errors=0x8601
Sep 14 23:37:57 pico-qcd kernel: intel-ipu6 intel-ipu60: trace csi 2 error snapshot: rx enable=0x1 lanes=2 config=0x3 status=0x0 hs=0x301 lp=0x0 ctermen=0 csettle=684 d0termen=0 d0settle=661 d1termen=0 d1settle=661 receiver_errors=0x8681
Sep 14 23:37:57 pico-qcd kernel: intel-ipu6 intel-ipu60: trace csi 2 error snapshot: rx enable=0x1 lanes=2 config=0x3 status=0x1 hs=0x301 lp=0x0 ctermen=0 csettle=684 d0termen=0 d0settle=661 d1termen=0 d1settle=661 receiver_errors=0x8481
Sep 14 23:37:57 pico-qcd kernel: intel-ipu6 intel-ipu60: trace csi 2 error snapshot: rx enable=0x1 lanes=2 config=0x3 status=0x0 hs=0x301 lp=0x0 ctermen=0 csettle=684 d0termen=0 d0settle=661 d1termen=0 d1settle=661 receiver_errors=0x480
Sep 14 23:37:57 pico-qcd kernel: intel-ipu6 intel-ipu60: trace csi 2 error snapshot: rx enable=0x1 lanes=2 config=0x3 status=0x0 hs=0x301 lp=0x0 ctermen=0 csettle=684 d0termen=0 d0settle=661 d1termen=0 d1settle=661 receiver_errors=0x8480
Sep 14 23:37:57 pico-qcd kernel: intel-ipu6 intel-ipu60: trace csi 2 error snapshot: rx enable=0x1 lanes=2 config=0x3 status=0x1 hs=0x301 lp=0x0 ctermen=0 csettle=684 d0termen=0 d0settle=661 d1termen=0 d1settle=661 receiver_errors=0x681
Sep 14 23:37:57 pico-qcd kernel: intel-ipu6 intel-ipu60: trace csi 2 error snapshot: rx enable=0x1 lanes=2 config=0x3 status=0x1 hs=0x301 lp=0x0 ctermen=0 csettle=684 d0termen=0 d0settle=661 d1termen=0 d1settle=661 receiver_errors=0x681
Sep 14 23:37:57 pico-qcd kernel: intel-ipu6 intel-ipu60: trace csi 2 error snapshot: rx enable=0x1 lanes=2 config=0x3 status=0x0 hs=0x301 lp=0x0 ctermen=0 csettle=684 d0termen=0 d0settle=661 d1termen=0 d1settle=661 receiver_errors=0x481
Sep 14 23:37:57 pico-qcd kernel: intel-ipu6 intel-ipu60: trace csi 2 error snapshot: rx enable=0x1 lanes=2 config=0x3 status=0x1 hs=0x301 lp=0x0 ctermen=0 csettle=684 d0termen=0 d0settle=661 d1termen=0 d1settle=661 receiver_errors=0x8401
Sep 14 23:37:57 pico-qcd kernel: intel-ipu6 intel-ipu60: trace csi 2 error snapshot: rx enable=0x1 lanes=2 config=0x3 status=0x0 hs=0x301 lp=0x0 ctermen=0 csettle=684 d0termen=0 d0settle=661 d1termen=0 d1settle=661 receiver_errors=0x8681
Sep 14 23:37:57 pico-qcd kernel: intel-ipu6 intel-ipu60: trace csi 2 error snapshot: rx enable=0x1 lanes=2 config=0x3 status=0x0 hs=0x301 lp=0x0 ctermen=0 csettle=684 d0termen=0 d0settle=661 d1termen=0 d1settle=661 receiver_errors=0x481
Sep 14 23:37:57 pico-qcd kernel: intel-ipu6 intel-ipu60: trace csi 2 error snapshot: rx enable=0x1 lanes=2 config=0x3 status=0x1 hs=0x301 lp=0x0 ctermen=0 csettle=684 d0termen=0 d0settle=661 d1termen=0 d1settle=661 receiver_errors=0x8401
Sep 14 23:37:57 pico-qcd kernel: intel-ipu6 intel-ipu60: trace csi 2 error snapshot: rx enable=0x1 lanes=2 config=0x3 status=0x0 hs=0x301 lp=0x0 ctermen=0 csettle=684 d0termen=0 d0settle=661 d1termen=0 d1settle=661 receiver_errors=0x8401
Sep 14 23:37:57 pico-qcd kernel: intel-ipu6 intel-ipu60: trace csi 2 error snapshot: rx enable=0x1 lanes=2 config=0x3 status=0x0 hs=0x301 lp=0x0 ctermen=0 csettle=684 d0termen=0 d0settle=661 d1termen=0 d1settle=661 receiver_errors=0x8600
Sep 14 23:37:57 pico-qcd kernel: intel-ipu6 intel-ipu60: trace csi 2 error snapshot: rx enable=0x1 lanes=2 config=0x3 status=0x0 hs=0x301 lp=0x0 ctermen=0 csettle=684 d0termen=0 d0settle=661 d1termen=0 d1settle=661 receiver_errors=0x481
Sep 14 23:37:57 pico-qcd kernel: intel-ipu6 intel-ipu60: trace csi 2 error snapshot: rx enable=0x1 lanes=2 config=0x3 status=0x0 hs=0x301 lp=0x0 ctermen=0 csettle=684 d0termen=0 d0settle=661 d1termen=0 d1settle=661 receiver_errors=0x8401
Sep 14 23:37:58 pico-qcd kernel: intel-ipu6 intel-ipu60: trace csi 2 error snapshot: rx enable=0x1 lanes=2 config=0x3 status=0x0 hs=0x301 lp=0x0 ctermen=0 csettle=684 d0termen=0 d0settle=661 d1termen=0 d1settle=661 receiver_errors=0x8481
Sep 14 23:37:58 pico-qcd kernel: intel-ipu6 intel-ipu60: trace csi 2 error snapshot: rx enable=0x1 lanes=2 config=0x3 status=0x1 hs=0x301 lp=0x0 ctermen=0 csettle=684 d0termen=0 d0settle=661 d1termen=0 d1settle=661 receiver_errors=0x481
Sep 14 23:37:58 pico-qcd kernel: intel-ipu6 intel-ipu60: trace csi 2 error snapshot: rx enable=0x1 lanes=2 config=0x3 status=0x1 hs=0x301 lp=0x0 ctermen=0 csettle=684 d0termen=0 d0settle=661 d1termen=0 d1settle=661 receiver_errors=0x8401
Sep 14 23:37:58 pico-qcd kernel: intel-ipu6 intel-ipu60: trace csi 2 error snapshot: rx enable=0x1 lanes=2 config=0x3 status=0x0 hs=0x301 lp=0x0 ctermen=0 csettle=684 d0termen=0 d0settle=661 d1termen=0 d1settle=661 receiver_errors=0x8681
Sep 14 23:37:58 pico-qcd kernel: intel-ipu6 intel-ipu60: trace csi 2 error snapshot: rx enable=0x1 lanes=2 config=0x3 status=0x1 hs=0x301 lp=0x0 ctermen=0 csettle=684 d0termen=0 d0settle=661 d1termen=0 d1settle=661 receiver_errors=0x680
Sep 14 23:37:58 pico-qcd kernel: intel-ipu6 intel-ipu60: trace csi 2 error snapshot: rx enable=0x1 lanes=2 config=0x3 status=0x0 hs=0x301 lp=0x0 ctermen=0 csettle=684 d0termen=0 d0settle=661 d1termen=0 d1settle=661 receiver_errors=0x8403
Sep 14 23:37:58 pico-qcd kernel: intel-ipu6 intel-ipu60: trace csi 2 error snapshot: rx enable=0x1 lanes=2 config=0x3 status=0x1 hs=0x301 lp=0x0 ctermen=0 csettle=684 d0termen=0 d0settle=661 d1termen=0 d1settle=661 receiver_errors=0x8401
Sep 14 23:37:58 pico-qcd kernel: intel-ipu6 intel-ipu60: trace csi 2 error snapshot: rx enable=0x1 lanes=2 config=0x3 status=0x1 hs=0x301 lp=0x0 ctermen=0 csettle=684 d0termen=0 d0settle=661 d1termen=0 d1settle=661 receiver_errors=0x481
Sep 14 23:37:58 pico-qcd kernel: intel-ipu6 intel-ipu60: trace csi 2 error snapshot: rx enable=0x1 lanes=2 config=0x3 status=0x0 hs=0x301 lp=0x0 ctermen=0 csettle=684 d0termen=0 d0settle=661 d1termen=0 d1settle=661 receiver_errors=0x681
Sep 14 23:37:58 pico-qcd kernel: intel-ipu6 intel-ipu60: trace csi 2 error snapshot: rx enable=0x1 lanes=2 config=0x3 status=0x1 hs=0x301 lp=0x0 ctermen=0 csettle=684 d0termen=0 d0settle=661 d1termen=0 d1settle=661 receiver_errors=0x481
Sep 14 23:37:58 pico-qcd kernel: intel-ipu6 intel-ipu60: trace csi 2 error snapshot: rx enable=0x1 lanes=2 config=0x3 status=0x1 hs=0x301 lp=0x0 ctermen=0 csettle=684 d0termen=0 d0settle=661 d1termen=0 d1settle=661 receiver_errors=0x8681
Sep 14 23:37:58 pico-qcd kernel: intel-ipu6 intel-ipu60: trace csi 2 error snapshot: rx enable=0x1 lanes=2 config=0x3 status=0x1 hs=0x301 lp=0x0 ctermen=0 csettle=684 d0termen=0 d0settle=661 d1termen=0 d1settle=661 receiver_errors=0x8400
Sep 14 23:37:58 pico-qcd kernel: intel-ipu6 intel-ipu60: trace csi 2 error snapshot: rx enable=0x1 lanes=2 config=0x3 status=0x1 hs=0x301 lp=0x0 ctermen=0 csettle=684 d0termen=0 d0settle=661 d1termen=0 d1settle=661 receiver_errors=0x8601
Sep 14 23:37:58 pico-qcd kernel: intel-ipu6 intel-ipu60: trace csi 2 error snapshot: rx enable=0x1 lanes=2 config=0x3 status=0x0 hs=0x301 lp=0x0 ctermen=0 csettle=684 d0termen=0 d0settle=661 d1termen=0 d1settle=661 receiver_errors=0x681
Sep 14 23:37:58 pico-qcd kernel: intel-ipu6 intel-ipu60: trace csi 2 error snapshot: rx enable=0x1 lanes=2 config=0x3 status=0x0 hs=0x301 lp=0x0 ctermen=0 csettle=684 d0termen=0 d0settle=661 d1termen=0 d1settle=661 receiver_errors=0x481
Sep 14 23:37:58 pico-qcd kernel: intel-ipu6 intel-ipu60: trace csi 2 error snapshot: rx enable=0x1 lanes=2 config=0x3 status=0x0 hs=0x301 lp=0x0 ctermen=0 csettle=684 d0termen=0 d0settle=661 d1termen=0 d1settle=661 receiver_errors=0x481
Sep 14 23:37:58 pico-qcd kernel: intel-ipu6 intel-ipu60: trace csi 2 error snapshot: rx enable=0x1 lanes=2 config=0x3 status=0x0 hs=0x301 lp=0x0 ctermen=0 csettle=684 d0termen=0 d0settle=661 d1termen=0 d1settle=661 receiver_errors=0x480
Sep 14 23:37:59 pico-qcd kernel: intel-ipu6 intel-ipu60: trace csi 2 error snapshot: rx enable=0x1 lanes=2 config=0x3 status=0x0 hs=0x301 lp=0x0 ctermen=0 csettle=684 d0termen=0 d0settle=661 d1termen=0 d1settle=661 receiver_errors=0x8401
Sep 14 23:37:59 pico-qcd kernel: intel-ipu6 intel-ipu60: trace csi 2 error snapshot: rx enable=0x1 lanes=2 config=0x3 status=0x1 hs=0x301 lp=0x0 ctermen=0 csettle=684 d0termen=0 d0settle=661 d1termen=0 d1settle=661 receiver_errors=0x8401
Sep 14 23:37:59 pico-qcd kernel: intel-ipu6 intel-ipu60: trace csi 2 error snapshot: rx enable=0x1 lanes=2 config=0x3 status=0x0 hs=0x301 lp=0x0 ctermen=0 csettle=684 d0termen=0 d0settle=661 d1termen=0 d1settle=661 receiver_errors=0x480
Sep 14 23:37:59 pico-qcd kernel: intel-ipu6 intel-ipu60: trace csi 2 error snapshot: rx enable=0x1 lanes=2 config=0x3 status=0x1 hs=0x301 lp=0x0 ctermen=0 csettle=684 d0termen=0 d0settle=661 d1termen=0 d1settle=661 receiver_errors=0x480
Sep 14 23:37:59 pico-qcd kernel: intel-ipu6 intel-ipu60: trace csi 2 error snapshot: rx enable=0x1 lanes=2 config=0x3 status=0x1 hs=0x301 lp=0x0 ctermen=0 csettle=684 d0termen=0 d0settle=661 d1termen=0 d1settle=661 receiver_errors=0x8601
Sep 14 23:37:59 pico-qcd kernel: intel-ipu6 intel-ipu60: trace csi 2 error snapshot: rx enable=0x1 lanes=2 config=0x3 status=0x1 hs=0x301 lp=0x0 ctermen=0 csettle=684 d0termen=0 d0settle=661 d1termen=0 d1settle=661 receiver_errors=0x8481
Sep 14 23:37:59 pico-qcd kernel: intel-ipu6 intel-ipu60: trace csi 2 error snapshot: rx enable=0x1 lanes=2 config=0x3 status=0x0 hs=0x301 lp=0x0 ctermen=0 csettle=684 d0termen=0 d0settle=661 d1termen=0 d1settle=661 receiver_errors=0x481
Sep 14 23:37:59 pico-qcd kernel: intel-ipu6 intel-ipu60: trace csi 2 error snapshot: rx enable=0x1 lanes=2 config=0x3 status=0x1 hs=0x301 lp=0x0 ctermen=0 csettle=684 d0termen=0 d0settle=661 d1termen=0 d1settle=661 receiver_errors=0x681
Sep 14 23:37:59 pico-qcd kernel: intel-ipu6 intel-ipu60: trace csi 2 error snapshot: rx enable=0x1 lanes=2 config=0x3 status=0x0 hs=0x301 lp=0x0 ctermen=0 csettle=684 d0termen=0 d0settle=661 d1termen=0 d1settle=661 receiver_errors=0x8400
Sep 14 23:37:59 pico-qcd kernel: intel-ipu6 intel-ipu60: trace csi 2 error snapshot: rx enable=0x1 lanes=2 config=0x3 status=0x0 hs=0x301 lp=0x0 ctermen=0 csettle=684 d0termen=0 d0settle=661 d1termen=0 d1settle=661 receiver_errors=0x8400
Sep 14 23:37:59 pico-qcd kernel: intel-ipu6 intel-ipu60: trace csi 2 error snapshot: rx enable=0x1 lanes=2 config=0x3 status=0x0 hs=0x301 lp=0x0 ctermen=0 csettle=684 d0termen=0 d0settle=661 d1termen=0 d1settle=661 receiver_errors=0x8401
Sep 14 23:37:59 pico-qcd kernel: intel-ipu6 intel-ipu60: trace csi 2 error snapshot: rx enable=0x1 lanes=2 config=0x3 status=0x1 hs=0x301 lp=0x0 ctermen=0 csettle=684 d0termen=0 d0settle=661 d1termen=0 d1settle=661 receiver_errors=0x8400
Sep 14 23:37:59 pico-qcd kernel: intel-ipu6 intel-ipu60: trace csi 2 error snapshot: rx enable=0x1 lanes=2 config=0x3 status=0x1 hs=0x301 lp=0x0 ctermen=0 csettle=684 d0termen=0 d0settle=661 d1termen=0 d1settle=661 receiver_errors=0x680
Sep 14 23:37:59 pico-qcd kernel: intel-ipu6 intel-ipu60: trace csi 2 error snapshot: rx enable=0x1 lanes=2 config=0x3 status=0x0 hs=0x301 lp=0x0 ctermen=0 csettle=684 d0termen=0 d0settle=661 d1termen=0 d1settle=661 receiver_errors=0x8400
Sep 14 23:37:59 pico-qcd kernel: intel-ipu6 intel-ipu60: trace csi 2 error snapshot: rx enable=0x1 lanes=2 config=0x3 status=0x0 hs=0x301 lp=0x0 ctermen=0 csettle=684 d0termen=0 d0settle=661 d1termen=0 d1settle=661 receiver_errors=0x8481
Sep 14 23:37:59 pico-qcd kernel: intel-ipu6 intel-ipu60: trace csi 2 error snapshot: rx enable=0x1 lanes=2 config=0x3 status=0x0 hs=0x301 lp=0x0 ctermen=0 csettle=684 d0termen=0 d0settle=661 d1termen=0 d1settle=661 receiver_errors=0x481
Sep 14 23:37:59 pico-qcd kernel: intel-ipu6 intel-ipu60: trace csi 2 error snapshot: rx enable=0x1 lanes=2 config=0x3 status=0x1 hs=0x301 lp=0x0 ctermen=0 csettle=684 d0termen=0 d0settle=661 d1termen=0 d1settle=661 receiver_errors=0x481
Sep 14 23:37:59 pico-qcd kernel: intel-ipu6 intel-ipu60: trace csi 2 error snapshot: rx enable=0x1 lanes=2 config=0x3 status=0x0 hs=0x301 lp=0x0 ctermen=0 csettle=684 d0termen=0 d0settle=661 d1termen=0 d1settle=661 receiver_errors=0x8601
Sep 14 23:37:59 pico-qcd kernel: intel-ipu6 intel-ipu60: trace csi 2 error snapshot: rx enable=0x1 lanes=2 config=0x3 status=0x0 hs=0x301 lp=0x0 ctermen=0 csettle=684 d0termen=0 d0settle=661 d1termen=0 d1settle=661 receiver_errors=0x8401
Sep 14 23:37:59 pico-qcd kernel: intel-ipu6 intel-ipu60: trace csi 2 error snapshot: rx enable=0x1 lanes=2 config=0x3 status=0x1 hs=0x301 lp=0x0 ctermen=0 csettle=684 d0termen=0 d0settle=661 d1termen=0 d1settle=661 receiver_errors=0x481
Sep 14 23:37:59 pico-qcd kernel: intel-ipu6 intel-ipu60: trace csi 2 error snapshot: rx enable=0x1 lanes=2 config=0x3 status=0x1 hs=0x301 lp=0x0 ctermen=0 csettle=684 d0termen=0 d0settle=661 d1termen=0 d1settle=661 receiver_errors=0x481
Sep 14 23:38:00 pico-qcd kernel: intel-ipu6 intel-ipu60: trace csi 2 error snapshot: rx enable=0x1 lanes=2 config=0x3 status=0x0 hs=0x301 lp=0x0 ctermen=0 csettle=684 d0termen=0 d0settle=661 d1termen=0 d1settle=661 receiver_errors=0x8600
Sep 14 23:38:00 pico-qcd kernel: intel-ipu6 intel-ipu60: trace csi 2 error snapshot: rx enable=0x1 lanes=2 config=0x3 status=0x1 hs=0x301 lp=0x0 ctermen=0 csettle=684 d0termen=0 d0settle=661 d1termen=0 d1settle=661 receiver_errors=0x481
Sep 14 23:38:00 pico-qcd kernel: intel-ipu6 intel-ipu60: trace csi 2 error snapshot: rx enable=0x1 lanes=2 config=0x3 status=0x1 hs=0x301 lp=0x0 ctermen=0 csettle=684 d0termen=0 d0settle=661 d1termen=0 d1settle=661 receiver_errors=0x8400
Sep 14 23:38:00 pico-qcd kernel: intel-ipu6 intel-ipu60: trace csi 2 error snapshot: rx enable=0x1 lanes=2 config=0x3 status=0x1 hs=0x301 lp=0x0 ctermen=0 csettle=684 d0termen=0 d0settle=661 d1termen=0 d1settle=661 receiver_errors=0x8400
Sep 14 23:38:00 pico-qcd kernel: intel-ipu6 intel-ipu60: trace csi 2 error snapshot: rx enable=0x1 lanes=2 config=0x3 status=0x1 hs=0x301 lp=0x0 ctermen=0 csettle=684 d0termen=0 d0settle=661 d1termen=0 d1settle=661 receiver_errors=0x8480
Sep 14 23:38:00 pico-qcd kernel: intel-ipu6 intel-ipu60: trace csi 2 error snapshot: rx enable=0x1 lanes=2 config=0x3 status=0x1 hs=0x301 lp=0x0 ctermen=0 csettle=684 d0termen=0 d0settle=661 d1termen=0 d1settle=661 receiver_errors=0x481
Sep 14 23:38:00 pico-qcd kernel: intel-ipu6 intel-ipu60: trace csi 2 error snapshot: rx enable=0x1 lanes=2 config=0x3 status=0x1 hs=0x301 lp=0x0 ctermen=0 csettle=684 d0termen=0 d0settle=661 d1termen=0 d1settle=661 receiver_errors=0x8481
Sep 14 23:38:00 pico-qcd kernel: intel-ipu6 intel-ipu60: trace csi 2 error snapshot: rx enable=0x1 lanes=2 config=0x3 status=0x1 hs=0x301 lp=0x0 ctermen=0 csettle=684 d0termen=0 d0settle=661 d1termen=0 d1settle=661 receiver_errors=0x8400
Sep 14 23:38:00 pico-qcd kernel: intel-ipu6 intel-ipu60: trace csi 2 error snapshot: rx enable=0x1 lanes=2 config=0x3 status=0x0 hs=0x301 lp=0x0 ctermen=0 csettle=684 d0termen=0 d0settle=661 d1termen=0 d1settle=661 receiver_errors=0x8400
Sep 14 23:38:00 pico-qcd kernel: intel-ipu6 intel-ipu60: trace csi 2 error snapshot: rx enable=0x1 lanes=2 config=0x3 status=0x0 hs=0x301 lp=0x0 ctermen=0 csettle=684 d0termen=0 d0settle=661 d1termen=0 d1settle=661 receiver_errors=0x8401
Sep 14 23:38:00 pico-qcd kernel: intel-ipu6 intel-ipu60: trace csi 2 error snapshot: rx enable=0x1 lanes=2 config=0x3 status=0x0 hs=0x301 lp=0x0 ctermen=0 csettle=684 d0termen=0 d0settle=661 d1termen=0 d1settle=661 receiver_errors=0x480
Sep 14 23:38:00 pico-qcd kernel: intel-ipu6 intel-ipu60: trace csi 2 error snapshot: rx enable=0x1 lanes=2 config=0x3 status=0x1 hs=0x301 lp=0x0 ctermen=0 csettle=684 d0termen=0 d0settle=661 d1termen=0 d1settle=661 receiver_errors=0x480
Sep 14 23:38:00 pico-qcd kernel: intel-ipu6 intel-ipu60: trace csi 2 error snapshot: rx enable=0x1 lanes=2 config=0x3 status=0x0 hs=0x301 lp=0x0 ctermen=0 csettle=684 d0termen=0 d0settle=661 d1termen=0 d1settle=661 receiver_errors=0x8481
Sep 14 23:38:00 pico-qcd kernel: intel-ipu6 intel-ipu60: trace csi 2 error snapshot: rx enable=0x1 lanes=2 config=0x3 status=0x0 hs=0x301 lp=0x0 ctermen=0 csettle=684 d0termen=0 d0settle=661 d1termen=0 d1settle=661 receiver_errors=0x481
Sep 14 23:38:00 pico-qcd kernel: intel-ipu6 intel-ipu60: trace csi 2 error snapshot: rx enable=0x1 lanes=2 config=0x3 status=0x0 hs=0x301 lp=0x0 ctermen=0 csettle=684 d0termen=0 d0settle=661 d1termen=0 d1settle=661 receiver_errors=0x481
Sep 14 23:38:00 pico-qcd kernel: intel-ipu6 intel-ipu60: trace csi 2 error snapshot: rx enable=0x1 lanes=2 config=0x3 status=0x1 hs=0x301 lp=0x0 ctermen=0 csettle=684 d0termen=0 d0settle=661 d1termen=0 d1settle=661 receiver_errors=0x481
Sep 14 23:38:00 pico-qcd kernel: intel-ipu6 intel-ipu60: trace csi 2 error snapshot: rx enable=0x1 lanes=2 config=0x3 status=0x0 hs=0x301 lp=0x0 ctermen=0 csettle=684 d0termen=0 d0settle=661 d1termen=0 d1settle=661 receiver_errors=0x481
Sep 14 23:38:00 pico-qcd kernel: intel-ipu6 intel-ipu60: trace csi 2 error snapshot: rx enable=0x1 lanes=2 config=0x3 status=0x1 hs=0x301 lp=0x0 ctermen=0 csettle=684 d0termen=0 d0settle=661 d1termen=0 d1settle=661 receiver_errors=0x8680
Sep 14 23:38:01 pico-qcd kernel: intel-ipu6 intel-ipu60: trace csi 2 error snapshot: rx enable=0x1 lanes=2 config=0x3 status=0x1 hs=0x301 lp=0x0 ctermen=0 csettle=684 d0termen=0 d0settle=661 d1termen=0 d1settle=661 receiver_errors=0x8601
Sep 14 23:38:01 pico-qcd kernel: intel-ipu6 intel-ipu60: trace csi 2 error snapshot: rx enable=0x1 lanes=2 config=0x3 status=0x0 hs=0x301 lp=0x0 ctermen=0 csettle=684 d0termen=0 d0settle=661 d1termen=0 d1settle=661 receiver_errors=0x8481
Sep 14 23:38:01 pico-qcd kernel: intel-ipu6 intel-ipu60: trace csi 2 error snapshot: rx enable=0x1 lanes=2 config=0x3 status=0x0 hs=0x301 lp=0x0 ctermen=0 csettle=684 d0termen=0 d0settle=661 d1termen=0 d1settle=661 receiver_errors=0x8400
Sep 14 23:38:01 pico-qcd kernel: intel-ipu6 intel-ipu60: trace csi 2 error snapshot: rx enable=0x1 lanes=2 config=0x3 status=0x0 hs=0x301 lp=0x0 ctermen=0 csettle=684 d0termen=0 d0settle=661 d1termen=0 d1settle=661 receiver_errors=0x480
Sep 14 23:38:01 pico-qcd kernel: intel-ipu6 intel-ipu60: trace csi 2 error snapshot: rx enable=0x1 lanes=2 config=0x3 status=0x0 hs=0x301 lp=0x0 ctermen=0 csettle=684 d0termen=0 d0settle=661 d1termen=0 d1settle=661 receiver_errors=0x480
Sep 14 23:38:01 pico-qcd kernel: intel-ipu6 intel-ipu60: trace csi 2 error snapshot: rx enable=0x1 lanes=2 config=0x3 status=0x0 hs=0x301 lp=0x0 ctermen=0 csettle=684 d0termen=0 d0settle=661 d1termen=0 d1settle=661 receiver_errors=0x8400
Sep 14 23:38:01 pico-qcd kernel: intel-ipu6 intel-ipu60: trace csi 2 error snapshot: rx enable=0x1 lanes=2 config=0x3 status=0x1 hs=0x301 lp=0x0 ctermen=0 csettle=684 d0termen=0 d0settle=661 d1termen=0 d1settle=661 receiver_errors=0x8400
Sep 14 23:38:01 pico-qcd kernel: intel-ipu6 intel-ipu60: trace csi 2 error snapshot: rx enable=0x1 lanes=2 config=0x3 status=0x0 hs=0x301 lp=0x0 ctermen=0 csettle=684 d0termen=0 d0settle=661 d1termen=0 d1settle=661 receiver_errors=0x8400
Sep 14 23:38:01 pico-qcd kernel: ipu_isys_csi2_error: 134 callbacks suppressed
Sep 14 23:38:01 pico-qcd kernel: intel-ipu6 intel-ipu60: csi2-2 error: DPHY non-recoverable synchronization error
Sep 14 23:38:01 pico-qcd kernel: intel-ipu6 intel-ipu60: trace csi 2 error snapshot: rx enable=0x1 lanes=2 config=0x3 status=0x0 hs=0x301 lp=0x0 ctermen=0 csettle=684 d0termen=0 d0settle=661 d1termen=0 d1settle=661 receiver_errors=0x480
Sep 14 23:38:01 pico-qcd kernel: intel-ipu6 intel-ipu60: csi2-2 error: Frame sync error
Sep 14 23:38:01 pico-qcd kernel: intel-ipu6 intel-ipu60: csi2-2 error: DPHY non-recoverable synchronization error
Sep 14 23:38:01 pico-qcd kernel: intel-ipu6 intel-ipu60: trace csi 2 error snapshot: rx enable=0x1 lanes=2 config=0x3 status=0x1 hs=0x301 lp=0x0 ctermen=0 csettle=684 d0termen=0 d0settle=661 d1termen=0 d1settle=661 receiver_errors=0x8400
Sep 14 23:38:01 pico-qcd kernel: intel-ipu6 intel-ipu60: csi2-2 error: DPHY non-recoverable synchronization error
Sep 14 23:38:01 pico-qcd kernel: intel-ipu6 intel-ipu60: trace csi 2 error snapshot: rx enable=0x1 lanes=2 config=0x3 status=0x1 hs=0x301 lp=0x0 ctermen=0 csettle=684 d0termen=0 d0settle=661 d1termen=0 d1settle=661 receiver_errors=0x8400
Sep 14 23:38:01 pico-qcd kernel: intel-ipu6 intel-ipu60: csi2-2 error: DPHY non-recoverable synchronization error
Sep 14 23:38:01 pico-qcd kernel: intel-ipu6 intel-ipu60: trace csi 2 error snapshot: rx enable=0x1 lanes=2 config=0x3 status=0x1 hs=0x301 lp=0x0 ctermen=0 csettle=684 d0termen=0 d0settle=661 d1termen=0 d1settle=661 receiver_errors=0x8400
Sep 14 23:38:01 pico-qcd kernel: intel-ipu6 intel-ipu60: csi2-2 error: DPHY non-recoverable synchronization error
Sep 14 23:38:01 pico-qcd kernel: intel-ipu6 intel-ipu60: trace csi 2 error snapshot: rx enable=0x1 lanes=2 config=0x3 status=0x0 hs=0x301 lp=0x0 ctermen=0 csettle=684 d0termen=0 d0settle=661 d1termen=0 d1settle=661 receiver_errors=0x8400
Sep 14 23:38:01 pico-qcd kernel: intel-ipu6 intel-ipu60: csi2-2 error: DPHY non-recoverable synchronization error
Sep 14 23:38:01 pico-qcd kernel: intel-ipu6 intel-ipu60: trace csi 2 error snapshot: rx enable=0x1 lanes=2 config=0x3 status=0x0 hs=0x301 lp=0x0 ctermen=0 csettle=684 d0termen=0 d0settle=661 d1termen=0 d1settle=661 receiver_errors=0x8400
Sep 14 23:38:01 pico-qcd kernel: intel-ipu6 intel-ipu60: csi2-2 error: DPHY non-recoverable synchronization error
Sep 14 23:38:01 pico-qcd kernel: intel-ipu6 intel-ipu60: trace csi 2 error snapshot: rx enable=0x1 lanes=2 config=0x3 status=0x0 hs=0x301 lp=0x0 ctermen=0 csettle=684 d0termen=0 d0settle=661 d1termen=0 d1settle=661 receiver_errors=0x8401
Sep 14 23:38:01 pico-qcd kernel: intel-ipu6 intel-ipu60: csi2-2 error: DPHY non-recoverable synchronization error
Sep 14 23:38:01 pico-qcd kernel: intel-ipu6 intel-ipu60: trace csi 2 error snapshot: rx enable=0x1 lanes=2 config=0x3 status=0x0 hs=0x301 lp=0x0 ctermen=0 csettle=684 d0termen=0 d0settle=661 d1termen=0 d1settle=661 receiver_errors=0x8401
Sep 14 23:38:01 pico-qcd kernel: intel-ipu6 intel-ipu60: csi2-2 error: DPHY non-recoverable synchronization error
Sep 14 23:38:01 pico-qcd kernel: intel-ipu6 intel-ipu60: trace csi 2 error snapshot: rx enable=0x1 lanes=2 config=0x3 status=0x0 hs=0x301 lp=0x0 ctermen=0 csettle=684 d0termen=0 d0settle=661 d1termen=0 d1settle=661 receiver_errors=0x481
Sep 14 23:38:01 pico-qcd kernel: intel-ipu6 intel-ipu60: trace csi 2 error snapshot: rx enable=0x1 lanes=2 config=0x3 status=0x0 hs=0x301 lp=0x0 ctermen=0 csettle=684 d0termen=0 d0settle=661 d1termen=0 d1settle=661 receiver_errors=0x8400
Sep 14 23:38:01 pico-qcd kernel: intel-ipu6 intel-ipu60: trace csi 2 error snapshot: rx enable=0x1 lanes=2 config=0x3 status=0x1 hs=0x301 lp=0x0 ctermen=0 csettle=684 d0termen=0 d0settle=661 d1termen=0 d1settle=661 receiver_errors=0x8400
Sep 14 23:38:01 pico-qcd kernel: intel-ipu6 intel-ipu60: trace csi 2 error snapshot: rx enable=0x1 lanes=2 config=0x3 status=0x1 hs=0x301 lp=0x0 ctermen=0 csettle=684 d0termen=0 d0settle=661 d1termen=0 d1settle=661 receiver_errors=0x8401
Sep 14 23:38:01 pico-qcd kernel: intel-ipu6 intel-ipu60: trace csi 2 error snapshot: rx enable=0x1 lanes=2 config=0x3 status=0x0 hs=0x301 lp=0x0 ctermen=0 csettle=684 d0termen=0 d0settle=661 d1termen=0 d1settle=661 receiver_errors=0x480
Sep 14 23:38:02 pico-qcd kernel: intel-ipu6 intel-ipu60: trace csi 2 error snapshot: rx enable=0x1 lanes=2 config=0x3 status=0x0 hs=0x301 lp=0x0 ctermen=0 csettle=684 d0termen=0 d0settle=661 d1termen=0 d1settle=661 receiver_errors=0x8401
Sep 14 23:38:02 pico-qcd kernel: intel-ipu6 intel-ipu60: trace csi 2 error snapshot: rx enable=0x1 lanes=2 config=0x3 status=0x1 hs=0x301 lp=0x0 ctermen=0 csettle=684 d0termen=0 d0settle=661 d1termen=0 d1settle=661 receiver_errors=0x8480
Sep 14 23:38:02 pico-qcd kernel: intel-ipu6 intel-ipu60: trace csi 2 error snapshot: rx enable=0x1 lanes=2 config=0x3 status=0x0 hs=0x301 lp=0x0 ctermen=0 csettle=684 d0termen=0 d0settle=661 d1termen=0 d1settle=661 receiver_errors=0x481
Sep 14 23:38:02 pico-qcd kernel: intel-ipu6 intel-ipu60: trace csi 2 error snapshot: rx enable=0x1 lanes=2 config=0x3 status=0x1 hs=0x301 lp=0x0 ctermen=0 csettle=684 d0termen=0 d0settle=661 d1termen=0 d1settle=661 receiver_errors=0x8400
Sep 14 23:38:02 pico-qcd kernel: intel-ipu6 intel-ipu60: trace csi 2 error snapshot: rx enable=0x1 lanes=2 config=0x3 status=0x1 hs=0x301 lp=0x0 ctermen=0 csettle=684 d0termen=0 d0settle=661 d1termen=0 d1settle=661 receiver_errors=0x481
Sep 14 23:38:02 pico-qcd kernel: intel-ipu6 intel-ipu60: trace csi 2 error snapshot: rx enable=0x1 lanes=2 config=0x3 status=0x0 hs=0x301 lp=0x0 ctermen=0 csettle=684 d0termen=0 d0settle=661 d1termen=0 d1settle=661 receiver_errors=0x8601
Sep 14 23:38:02 pico-qcd kernel: intel-ipu6 intel-ipu60: trace csi 2 error snapshot: rx enable=0x1 lanes=2 config=0x3 status=0x1 hs=0x301 lp=0x0 ctermen=0 csettle=684 d0termen=0 d0settle=661 d1termen=0 d1settle=661 receiver_errors=0x481
Sep 14 23:38:02 pico-qcd kernel: intel-ipu6 intel-ipu60: trace csi 2 error snapshot: rx enable=0x1 lanes=2 config=0x3 status=0x0 hs=0x301 lp=0x0 ctermen=0 csettle=684 d0termen=0 d0settle=661 d1termen=0 d1settle=661 receiver_errors=0x8400
Sep 14 23:38:02 pico-qcd kernel: intel-ipu6 intel-ipu60: trace csi 2 error snapshot: rx enable=0x1 lanes=2 config=0x3 status=0x1 hs=0x301 lp=0x0 ctermen=0 csettle=684 d0termen=0 d0settle=661 d1termen=0 d1settle=661 receiver_errors=0x8401
Sep 14 23:38:02 pico-qcd kernel: intel-ipu6 intel-ipu60: trace csi 2 error snapshot: rx enable=0x1 lanes=2 config=0x3 status=0x0 hs=0x301 lp=0x0 ctermen=0 csettle=684 d0termen=0 d0settle=661 d1termen=0 d1settle=661 receiver_errors=0x481
Sep 14 23:38:02 pico-qcd kernel: intel-ipu6 intel-ipu60: trace csi 2 error snapshot: rx enable=0x1 lanes=2 config=0x3 status=0x1 hs=0x301 lp=0x0 ctermen=0 csettle=684 d0termen=0 d0settle=661 d1termen=0 d1settle=661 receiver_errors=0x481
Sep 14 23:38:02 pico-qcd kernel: intel-ipu6 intel-ipu60: trace csi 2 error snapshot: rx enable=0x1 lanes=2 config=0x3 status=0x0 hs=0x301 lp=0x0 ctermen=0 csettle=684 d0termen=0 d0settle=661 d1termen=0 d1settle=661 receiver_errors=0x480
Sep 14 23:38:02 pico-qcd kernel: intel-ipu6 intel-ipu60: trace csi 2 error snapshot: rx enable=0x1 lanes=2 config=0x3 status=0x0 hs=0x301 lp=0x0 ctermen=0 csettle=684 d0termen=0 d0settle=661 d1termen=0 d1settle=661 receiver_errors=0x8481
Sep 14 23:38:02 pico-qcd kernel: intel-ipu6 intel-ipu60: trace csi 2 error snapshot: rx enable=0x1 lanes=2 config=0x3 status=0x1 hs=0x301 lp=0x0 ctermen=0 csettle=684 d0termen=0 d0settle=661 d1termen=0 d1settle=661 receiver_errors=0x8401
Sep 14 23:38:02 pico-qcd kernel: intel-ipu6 intel-ipu60: trace csi 2 error snapshot: rx enable=0x1 lanes=2 config=0x3 status=0x0 hs=0x301 lp=0x0 ctermen=0 csettle=684 d0termen=0 d0settle=661 d1termen=0 d1settle=661 receiver_errors=0x480
Sep 14 23:38:02 pico-qcd kernel: intel-ipu6 intel-ipu60: trace csi 2 error snapshot: rx enable=0x1 lanes=2 config=0x3 status=0x0 hs=0x301 lp=0x0 ctermen=0 csettle=684 d0termen=0 d0settle=661 d1termen=0 d1settle=661 receiver_errors=0x8400
Sep 14 23:38:02 pico-qcd kernel: intel-ipu6 intel-ipu60: trace csi 2 error snapshot: rx enable=0x1 lanes=2 config=0x3 status=0x0 hs=0x301 lp=0x0 ctermen=0 csettle=684 d0termen=0 d0settle=661 d1termen=0 d1settle=661 receiver_errors=0x480
Sep 14 23:38:02 pico-qcd kernel: intel-ipu6 intel-ipu60: trace csi 2 error snapshot: rx enable=0x1 lanes=2 config=0x3 status=0x0 hs=0x301 lp=0x0 ctermen=0 csettle=684 d0termen=0 d0settle=661 d1termen=0 d1settle=661 receiver_errors=0x8403
Sep 14 23:38:02 pico-qcd kernel: intel-ipu6 intel-ipu60: trace csi 2 error snapshot: rx enable=0x1 lanes=2 config=0x3 status=0x0 hs=0x301 lp=0x0 ctermen=0 csettle=684 d0termen=0 d0settle=661 d1termen=0 d1settle=661 receiver_errors=0x8681
Sep 14 23:38:02 pico-qcd kernel: intel-ipu6 intel-ipu60: trace csi 2 error snapshot: rx enable=0x1 lanes=2 config=0x3 status=0x1 hs=0x301 lp=0x0 ctermen=0 csettle=684 d0termen=0 d0settle=661 d1termen=0 d1settle=661 receiver_errors=0x481
Sep 14 23:38:03 pico-qcd kernel: intel-ipu6 intel-ipu60: trace csi 2 error snapshot: rx enable=0x1 lanes=2 config=0x3 status=0x0 hs=0x301 lp=0x0 ctermen=0 csettle=684 d0termen=0 d0settle=661 d1termen=0 d1settle=661 receiver_errors=0x8601
Sep 14 23:38:03 pico-qcd kernel: intel-ipu6 intel-ipu60: trace csi 2 error snapshot: rx enable=0x1 lanes=2 config=0x3 status=0x0 hs=0x301 lp=0x0 ctermen=0 csettle=684 d0termen=0 d0settle=661 d1termen=0 d1settle=661 receiver_errors=0x8681
Sep 14 23:38:03 pico-qcd kernel: intel-ipu6 intel-ipu60: trace csi 2 error snapshot: rx enable=0x1 lanes=2 config=0x3 status=0x0 hs=0x301 lp=0x0 ctermen=0 csettle=684 d0termen=0 d0settle=661 d1termen=0 d1settle=661 receiver_errors=0x8600
Sep 14 23:38:03 pico-qcd kernel: intel-ipu6 intel-ipu60: trace csi 2 error snapshot: rx enable=0x1 lanes=2 config=0x3 status=0x0 hs=0x301 lp=0x0 ctermen=0 csettle=684 d0termen=0 d0settle=661 d1termen=0 d1settle=661 receiver_errors=0x481
Sep 14 23:38:03 pico-qcd kernel: intel-ipu6 intel-ipu60: trace csi 2 error snapshot: rx enable=0x1 lanes=2 config=0x3 status=0x0 hs=0x301 lp=0x0 ctermen=0 csettle=684 d0termen=0 d0settle=661 d1termen=0 d1settle=661 receiver_errors=0x481
Sep 14 23:38:03 pico-qcd kernel: intel-ipu6 intel-ipu60: trace csi 2 error snapshot: rx enable=0x1 lanes=2 config=0x3 status=0x0 hs=0x301 lp=0x0 ctermen=0 csettle=684 d0termen=0 d0settle=661 d1termen=0 d1settle=661 receiver_errors=0x8401
Sep 14 23:38:03 pico-qcd kernel: intel-ipu6 intel-ipu60: trace csi 2 error snapshot: rx enable=0x1 lanes=2 config=0x3 status=0x0 hs=0x301 lp=0x0 ctermen=0 csettle=684 d0termen=0 d0settle=661 d1termen=0 d1settle=661 receiver_errors=0x8481
Sep 14 23:38:03 pico-qcd kernel: intel-ipu6 intel-ipu60: trace csi 2 error snapshot: rx enable=0x1 lanes=2 config=0x3 status=0x0 hs=0x301 lp=0x0 ctermen=0 csettle=684 d0termen=0 d0settle=661 d1termen=0 d1settle=661 receiver_errors=0x8401
Sep 14 23:38:03 pico-qcd kernel: intel-ipu6 intel-ipu60: trace csi 2 error snapshot: rx enable=0x1 lanes=2 config=0x3 status=0x0 hs=0x301 lp=0x0 ctermen=0 csettle=684 d0termen=0 d0settle=661 d1termen=0 d1settle=661 receiver_errors=0x8681
Sep 14 23:38:03 pico-qcd kernel: intel-ipu6 intel-ipu60: trace csi 2 error snapshot: rx enable=0x1 lanes=2 config=0x3 status=0x0 hs=0x301 lp=0x0 ctermen=0 csettle=684 d0termen=0 d0settle=661 d1termen=0 d1settle=661 receiver_errors=0x8401
Sep 14 23:38:03 pico-qcd kernel: intel-ipu6 intel-ipu60: trace csi 2 error snapshot: rx enable=0x1 lanes=2 config=0x3 status=0x1 hs=0x301 lp=0x0 ctermen=0 csettle=684 d0termen=0 d0settle=661 d1termen=0 d1settle=661 receiver_errors=0x8681
Sep 14 23:38:03 pico-qcd kernel: intel-ipu6 intel-ipu60: trace csi 2 error snapshot: rx enable=0x1 lanes=2 config=0x3 status=0x0 hs=0x301 lp=0x0 ctermen=0 csettle=684 d0termen=0 d0settle=661 d1termen=0 d1settle=661 receiver_errors=0x681
Sep 14 23:38:03 pico-qcd kernel: intel-ipu6 intel-ipu60: trace csi 2 error snapshot: rx enable=0x1 lanes=2 config=0x3 status=0x1 hs=0x301 lp=0x0 ctermen=0 csettle=684 d0termen=0 d0settle=661 d1termen=0 d1settle=661 receiver_errors=0x8681
Sep 14 23:38:03 pico-qcd kernel: intel-ipu6 intel-ipu60: trace csi 2 error snapshot: rx enable=0x1 lanes=2 config=0x3 status=0x0 hs=0x301 lp=0x0 ctermen=0 csettle=684 d0termen=0 d0settle=661 d1termen=0 d1settle=661 receiver_errors=0x8401
Sep 14 23:38:03 pico-qcd kernel: intel-ipu6 intel-ipu60: trace csi 2 error snapshot: rx enable=0x1 lanes=2 config=0x3 status=0x1 hs=0x301 lp=0x0 ctermen=0 csettle=684 d0termen=0 d0settle=661 d1termen=0 d1settle=661 receiver_errors=0x8401
Sep 14 23:38:03 pico-qcd kernel: intel-ipu6 intel-ipu60: trace csi 2 error snapshot: rx enable=0x1 lanes=2 config=0x3 status=0x0 hs=0x301 lp=0x0 ctermen=0 csettle=684 d0termen=0 d0settle=661 d1termen=0 d1settle=661 receiver_errors=0x8601
Sep 14 23:38:04 pico-qcd kernel: intel-ipu6 intel-ipu60: trace csi 2 error snapshot: rx enable=0x1 lanes=2 config=0x3 status=0x0 hs=0x301 lp=0x0 ctermen=0 csettle=684 d0termen=0 d0settle=661 d1termen=0 d1settle=661 receiver_errors=0x481
Sep 14 23:38:04 pico-qcd kernel: intel-ipu6 intel-ipu60: trace csi 2 error snapshot: rx enable=0x1 lanes=2 config=0x3 status=0x1 hs=0x301 lp=0x0 ctermen=0 csettle=684 d0termen=0 d0settle=661 d1termen=0 d1settle=661 receiver_errors=0x681
Sep 14 23:38:04 pico-qcd kernel: intel-ipu6 intel-ipu60: trace csi 2 error snapshot: rx enable=0x1 lanes=2 config=0x3 status=0x0 hs=0x301 lp=0x0 ctermen=0 csettle=684 d0termen=0 d0settle=661 d1termen=0 d1settle=661 receiver_errors=0x681
Sep 14 23:38:04 pico-qcd kernel: intel-ipu6 intel-ipu60: trace csi 2 error snapshot: rx enable=0x1 lanes=2 config=0x3 status=0x0 hs=0x301 lp=0x0 ctermen=0 csettle=684 d0termen=0 d0settle=661 d1termen=0 d1settle=661 receiver_errors=0x481
Sep 14 23:38:04 pico-qcd kernel: intel-ipu6 intel-ipu60: trace csi 2 error snapshot: rx enable=0x1 lanes=2 config=0x3 status=0x1 hs=0x301 lp=0x0 ctermen=0 csettle=684 d0termen=0 d0settle=661 d1termen=0 d1settle=661 receiver_errors=0x8401
Sep 14 23:38:04 pico-qcd kernel: intel-ipu6 intel-ipu60: trace csi 2 error snapshot: rx enable=0x1 lanes=2 config=0x3 status=0x0 hs=0x301 lp=0x0 ctermen=0 csettle=684 d0termen=0 d0settle=661 d1termen=0 d1settle=661 receiver_errors=0x8681
Sep 14 23:38:04 pico-qcd kernel: intel-ipu6 intel-ipu60: trace csi 2 error snapshot: rx enable=0x1 lanes=2 config=0x3 status=0x0 hs=0x301 lp=0x0 ctermen=0 csettle=684 d0termen=0 d0settle=661 d1termen=0 d1settle=661 receiver_errors=0x8601
Sep 14 23:38:04 pico-qcd kernel: intel-ipu6 intel-ipu60: trace csi 2 error snapshot: rx enable=0x1 lanes=2 config=0x3 status=0x0 hs=0x301 lp=0x0 ctermen=0 csettle=684 d0termen=0 d0settle=661 d1termen=0 d1settle=661 receiver_errors=0x8481
Sep 14 23:38:04 pico-qcd kernel: intel-ipu6 intel-ipu60: trace csi 2 error snapshot: rx enable=0x1 lanes=2 config=0x3 status=0x0 hs=0x301 lp=0x0 ctermen=0 csettle=684 d0termen=0 d0settle=661 d1termen=0 d1settle=661 receiver_errors=0x8401
Sep 14 23:38:04 pico-qcd kernel: intel-ipu6 intel-ipu60: trace csi 2 error snapshot: rx enable=0x1 lanes=2 config=0x3 status=0x1 hs=0x301 lp=0x0 ctermen=0 csettle=684 d0termen=0 d0settle=661 d1termen=0 d1settle=661 receiver_errors=0x8401
Sep 14 23:38:04 pico-qcd kernel: intel-ipu6 intel-ipu60: trace csi 2 error snapshot: rx enable=0x1 lanes=2 config=0x3 status=0x0 hs=0x301 lp=0x0 ctermen=0 csettle=684 d0termen=0 d0settle=661 d1termen=0 d1settle=661 receiver_errors=0x681
Sep 14 23:38:04 pico-qcd kernel: intel-ipu6 intel-ipu60: trace csi 2 error snapshot: rx enable=0x1 lanes=2 config=0x3 status=0x0 hs=0x301 lp=0x0 ctermen=0 csettle=684 d0termen=0 d0settle=661 d1termen=0 d1settle=661 receiver_errors=0x481
Sep 14 23:38:04 pico-qcd kernel: intel-ipu6 intel-ipu60: trace csi 2 error snapshot: rx enable=0x1 lanes=2 config=0x3 status=0x1 hs=0x301 lp=0x0 ctermen=0 csettle=684 d0termen=0 d0settle=661 d1termen=0 d1settle=661 receiver_errors=0x8481
Sep 14 23:38:04 pico-qcd kernel: intel-ipu6 intel-ipu60: trace csi 2 error snapshot: rx enable=0x1 lanes=2 config=0x3 status=0x1 hs=0x301 lp=0x0 ctermen=0 csettle=684 d0termen=0 d0settle=661 d1termen=0 d1settle=661 receiver_errors=0x8401
Sep 14 23:38:04 pico-qcd kernel: intel-ipu6 intel-ipu60: trace csi 2 error snapshot: rx enable=0x1 lanes=2 config=0x3 status=0x0 hs=0x301 lp=0x0 ctermen=0 csettle=684 d0termen=0 d0settle=661 d1termen=0 d1settle=661 receiver_errors=0x681
Sep 14 23:38:04 pico-qcd kernel: intel-ipu6 intel-ipu60: trace csi 2 error snapshot: rx enable=0x1 lanes=2 config=0x3 status=0x0 hs=0x301 lp=0x0 ctermen=0 csettle=684 d0termen=0 d0settle=661 d1termen=0 d1settle=661 receiver_errors=0x481
Sep 14 23:38:05 pico-qcd kernel: intel-ipu6 intel-ipu60: trace csi 2 error snapshot: rx enable=0x1 lanes=2 config=0x3 status=0x1 hs=0x301 lp=0x0 ctermen=0 csettle=684 d0termen=0 d0settle=661 d1termen=0 d1settle=661 receiver_errors=0x8401
Sep 14 23:38:05 pico-qcd kernel: intel-ipu6 intel-ipu60: trace csi 2 error snapshot: rx enable=0x1 lanes=2 config=0x3 status=0x1 hs=0x301 lp=0x0 ctermen=0 csettle=684 d0termen=0 d0settle=661 d1termen=0 d1settle=661 receiver_errors=0x8401
Sep 14 23:38:05 pico-qcd kernel: intel-ipu6 intel-ipu60: trace csi 2 error snapshot: rx enable=0x1 lanes=2 config=0x3 status=0x1 hs=0x301 lp=0x0 ctermen=0 csettle=684 d0termen=0 d0settle=661 d1termen=0 d1settle=661 receiver_errors=0x481
Sep 14 23:38:05 pico-qcd kernel: intel-ipu6 intel-ipu60: trace csi 2 error snapshot: rx enable=0x1 lanes=2 config=0x3 status=0x0 hs=0x301 lp=0x0 ctermen=0 csettle=684 d0termen=0 d0settle=661 d1termen=0 d1settle=661 receiver_errors=0x481
Sep 14 23:38:05 pico-qcd kernel: intel-ipu6 intel-ipu60: trace csi 2 error snapshot: rx enable=0x1 lanes=2 config=0x3 status=0x1 hs=0x301 lp=0x0 ctermen=0 csettle=684 d0termen=0 d0settle=661 d1termen=0 d1settle=661 receiver_errors=0x8401
Sep 14 23:38:05 pico-qcd kernel: intel-ipu6 intel-ipu60: trace csi 2 error snapshot: rx enable=0x1 lanes=2 config=0x3 status=0x0 hs=0x301 lp=0x0 ctermen=0 csettle=684 d0termen=0 d0settle=661 d1termen=0 d1settle=661 receiver_errors=0x480
Sep 14 23:38:05 pico-qcd kernel: intel-ipu6 intel-ipu60: trace csi 2 error snapshot: rx enable=0x1 lanes=2 config=0x3 status=0x0 hs=0x301 lp=0x0 ctermen=0 csettle=684 d0termen=0 d0settle=661 d1termen=0 d1settle=661 receiver_errors=0x8401
Sep 14 23:38:05 pico-qcd kernel: intel-ipu6 intel-ipu60: trace csi 2 error snapshot: rx enable=0x1 lanes=2 config=0x3 status=0x1 hs=0x301 lp=0x0 ctermen=0 csettle=684 d0termen=0 d0settle=661 d1termen=0 d1settle=661 receiver_errors=0x481
Sep 14 23:38:05 pico-qcd kernel: intel-ipu6 intel-ipu60: trace csi 2 error snapshot: rx enable=0x1 lanes=2 config=0x3 status=0x0 hs=0x301 lp=0x0 ctermen=0 csettle=684 d0termen=0 d0settle=661 d1termen=0 d1settle=661 receiver_errors=0x8401
Sep 14 23:38:05 pico-qcd kernel: intel-ipu6 intel-ipu60: trace csi 2 error snapshot: rx enable=0x1 lanes=2 config=0x3 status=0x0 hs=0x301 lp=0x0 ctermen=0 csettle=684 d0termen=0 d0settle=661 d1termen=0 d1settle=661 receiver_errors=0x8480
Sep 14 23:38:05 pico-qcd kernel: intel-ipu6 intel-ipu60: trace csi 2 error snapshot: rx enable=0x1 lanes=2 config=0x3 status=0x1 hs=0x301 lp=0x0 ctermen=0 csettle=684 d0termen=0 d0settle=661 d1termen=0 d1settle=661 receiver_errors=0x8400
Sep 14 23:38:05 pico-qcd kernel: intel-ipu6 intel-ipu60: trace csi 2 error snapshot: rx enable=0x1 lanes=2 config=0x3 status=0x1 hs=0x301 lp=0x0 ctermen=0 csettle=684 d0termen=0 d0settle=661 d1termen=0 d1settle=661 receiver_errors=0x681
Sep 14 23:38:05 pico-qcd kernel: intel-ipu6 intel-ipu60: trace csi 2 error snapshot: rx enable=0x1 lanes=2 config=0x3 status=0x0 hs=0x301 lp=0x0 ctermen=0 csettle=684 d0termen=0 d0settle=661 d1termen=0 d1settle=661 receiver_errors=0x8401
Sep 14 23:38:05 pico-qcd kernel: intel-ipu6 intel-ipu60: trace csi 2 error snapshot: rx enable=0x1 lanes=2 config=0x3 status=0x1 hs=0x301 lp=0x0 ctermen=0 csettle=684 d0termen=0 d0settle=661 d1termen=0 d1settle=661 receiver_errors=0x681
Sep 14 23:38:05 pico-qcd kernel: intel-ipu6 intel-ipu60: trace csi 2 error snapshot: rx enable=0x1 lanes=2 config=0x3 status=0x0 hs=0x301 lp=0x0 ctermen=0 csettle=684 d0termen=0 d0settle=661 d1termen=0 d1settle=661 receiver_errors=0x480
Sep 14 23:38:05 pico-qcd kernel: intel-ipu6 intel-ipu60: trace csi 2 error snapshot: rx enable=0x1 lanes=2 config=0x3 status=0x1 hs=0x301 lp=0x0 ctermen=0 csettle=684 d0termen=0 d0settle=661 d1termen=0 d1settle=661 receiver_errors=0x8601
Sep 14 23:38:05 pico-qcd kernel: intel-ipu6 intel-ipu60: trace csi 2 error snapshot: rx enable=0x1 lanes=2 config=0x3 status=0x0 hs=0x301 lp=0x0 ctermen=0 csettle=684 d0termen=0 d0settle=661 d1termen=0 d1settle=661 receiver_errors=0x8403
Sep 14 23:38:05 pico-qcd kernel: intel-ipu6 intel-ipu60: trace csi 2 error snapshot: rx enable=0x1 lanes=2 config=0x3 status=0x1 hs=0x301 lp=0x0 ctermen=0 csettle=684 d0termen=0 d0settle=661 d1termen=0 d1settle=661 receiver_errors=0x481
Sep 14 23:38:05 pico-qcd kernel: intel-ipu6 intel-ipu60: trace csi 2 error snapshot: rx enable=0x1 lanes=2 config=0x3 status=0x1 hs=0x301 lp=0x0 ctermen=0 csettle=684 d0termen=0 d0settle=661 d1termen=0 d1settle=661 receiver_errors=0x8401
Sep 14 23:38:06 pico-qcd kernel: intel-ipu6 intel-ipu60: trace csi 2 error snapshot: rx enable=0x1 lanes=2 config=0x3 status=0x1 hs=0x301 lp=0x0 ctermen=0 csettle=684 d0termen=0 d0settle=661 d1termen=0 d1settle=661 receiver_errors=0x8601
Sep 14 23:38:06 pico-qcd kernel: intel-ipu6 intel-ipu60: trace csi 2 error snapshot: rx enable=0x1 lanes=2 config=0x3 status=0x0 hs=0x301 lp=0x0 ctermen=0 csettle=684 d0termen=0 d0settle=661 d1termen=0 d1settle=661 receiver_errors=0x481
Sep 14 23:38:06 pico-qcd kernel: intel-ipu6 intel-ipu60: trace csi 2 error snapshot: rx enable=0x1 lanes=2 config=0x3 status=0x0 hs=0x301 lp=0x0 ctermen=0 csettle=684 d0termen=0 d0settle=661 d1termen=0 d1settle=661 receiver_errors=0x8401
Sep 14 23:38:06 pico-qcd kernel: intel-ipu6 intel-ipu60: trace csi 2 error snapshot: rx enable=0x1 lanes=2 config=0x3 status=0x0 hs=0x301 lp=0x0 ctermen=0 csettle=684 d0termen=0 d0settle=661 d1termen=0 d1settle=661 receiver_errors=0x481
Sep 14 23:38:06 pico-qcd kernel: intel-ipu6 intel-ipu60: trace csi 2 error snapshot: rx enable=0x1 lanes=2 config=0x3 status=0x1 hs=0x301 lp=0x0 ctermen=0 csettle=684 d0termen=0 d0settle=661 d1termen=0 d1settle=661 receiver_errors=0x8481
Sep 14 23:38:06 pico-qcd kernel: intel-ipu6 intel-ipu60: trace csi 2 error snapshot: rx enable=0x1 lanes=2 config=0x3 status=0x0 hs=0x301 lp=0x0 ctermen=0 csettle=684 d0termen=0 d0settle=661 d1termen=0 d1settle=661 receiver_errors=0x480
Sep 14 23:38:06 pico-qcd kernel: intel-ipu6 intel-ipu60: trace csi 2 error snapshot: rx enable=0x1 lanes=2 config=0x3 status=0x1 hs=0x301 lp=0x0 ctermen=0 csettle=684 d0termen=0 d0settle=661 d1termen=0 d1settle=661 receiver_errors=0x480
Sep 14 23:38:06 pico-qcd kernel: intel-ipu6 intel-ipu60: trace csi 2 error snapshot: rx enable=0x1 lanes=2 config=0x3 status=0x1 hs=0x301 lp=0x0 ctermen=0 csettle=684 d0termen=0 d0settle=661 d1termen=0 d1settle=661 receiver_errors=0x8401
Sep 14 23:38:06 pico-qcd kernel: intel-ipu6 intel-ipu60: trace csi 2 error snapshot: rx enable=0x1 lanes=2 config=0x3 status=0x0 hs=0x301 lp=0x0 ctermen=0 csettle=684 d0termen=0 d0settle=661 d1termen=0 d1settle=661 receiver_errors=0x8400
Sep 14 23:38:06 pico-qcd kernel: intel-ipu6 intel-ipu60: trace csi 2 error snapshot: rx enable=0x1 lanes=2 config=0x3 status=0x1 hs=0x301 lp=0x0 ctermen=0 csettle=684 d0termen=0 d0settle=661 d1termen=0 d1settle=661 receiver_errors=0x8400
Sep 14 23:38:06 pico-qcd kernel: intel-ipu6 intel-ipu60: trace csi 2 error snapshot: rx enable=0x1 lanes=2 config=0x3 status=0x1 hs=0x301 lp=0x0 ctermen=0 csettle=684 d0termen=0 d0settle=661 d1termen=0 d1settle=661 receiver_errors=0x481
Sep 14 23:38:06 pico-qcd kernel: ipu_isys_csi2_error: 133 callbacks suppressed
Sep 14 23:38:06 pico-qcd kernel: intel-ipu6 intel-ipu60: csi2-2 error: Frame sync error
Sep 14 23:38:06 pico-qcd kernel: intel-ipu6 intel-ipu60: csi2-2 error: DPHY non-recoverable synchronization error
Sep 14 23:38:06 pico-qcd kernel: intel-ipu6 intel-ipu60: trace csi 2 error snapshot: rx enable=0x1 lanes=2 config=0x3 status=0x0 hs=0x301 lp=0x0 ctermen=0 csettle=684 d0termen=0 d0settle=661 d1termen=0 d1settle=661 receiver_errors=0x681
Sep 14 23:38:06 pico-qcd kernel: intel-ipu6 intel-ipu60: csi2-2 error: Frame sync error
Sep 14 23:38:06 pico-qcd kernel: intel-ipu6 intel-ipu60: csi2-2 error: DPHY non-recoverable synchronization error
Sep 14 23:38:06 pico-qcd kernel: intel-ipu6 intel-ipu60: trace csi 2 error snapshot: rx enable=0x1 lanes=2 config=0x3 status=0x0 hs=0x301 lp=0x0 ctermen=0 csettle=684 d0termen=0 d0settle=661 d1termen=0 d1settle=661 receiver_errors=0x480
Sep 14 23:38:06 pico-qcd kernel: intel-ipu6 intel-ipu60: csi2-2 error: Frame sync error
Sep 14 23:38:06 pico-qcd kernel: intel-ipu6 intel-ipu60: csi2-2 error: DPHY non-recoverable synchronization error
Sep 14 23:38:06 pico-qcd kernel: intel-ipu6 intel-ipu60: trace csi 2 error snapshot: rx enable=0x1 lanes=2 config=0x3 status=0x0 hs=0x301 lp=0x0 ctermen=0 csettle=684 d0termen=0 d0settle=661 d1termen=0 d1settle=661 receiver_errors=0x8401
Sep 14 23:38:06 pico-qcd kernel: intel-ipu6 intel-ipu60: csi2-2 error: DPHY non-recoverable synchronization error
Sep 14 23:38:06 pico-qcd kernel: intel-ipu6 intel-ipu60: trace csi 2 error snapshot: rx enable=0x1 lanes=2 config=0x3 status=0x0 hs=0x301 lp=0x0 ctermen=0 csettle=684 d0termen=0 d0settle=661 d1termen=0 d1settle=661 receiver_errors=0x480
Sep 14 23:38:06 pico-qcd kernel: intel-ipu6 intel-ipu60: csi2-2 error: Frame sync error
Sep 14 23:38:06 pico-qcd kernel: intel-ipu6 intel-ipu60: csi2-2 error: DPHY non-recoverable synchronization error
Sep 14 23:38:06 pico-qcd kernel: intel-ipu6 intel-ipu60: trace csi 2 error snapshot: rx enable=0x1 lanes=2 config=0x3 status=0x0 hs=0x301 lp=0x0 ctermen=0 csettle=684 d0termen=0 d0settle=661 d1termen=0 d1settle=661 receiver_errors=0x8400
Sep 14 23:38:06 pico-qcd kernel: intel-ipu6 intel-ipu60: csi2-2 error: DPHY non-recoverable synchronization error
Sep 14 23:38:06 pico-qcd kernel: intel-ipu6 intel-ipu60: trace csi 2 error snapshot: rx enable=0x1 lanes=2 config=0x3 status=0x0 hs=0x301 lp=0x0 ctermen=0 csettle=684 d0termen=0 d0settle=661 d1termen=0 d1settle=661 receiver_errors=0x8401
Sep 14 23:38:06 pico-qcd kernel: intel-ipu6 intel-ipu60: s_stream ov5693 1-0036 (ext)
Sep 14 23:38:06 pico-qcd kernel: intel-ipu6 intel-ipu60: trace csi2-2 set_stream=0: stream_count=1 remote_streams=1 source=7 external=ov5693 1-0036
Sep 14 23:38:06 pico-qcd kernel: intel-ipu6 intel-ipu60: trace csi 2 set_stream entry: rx enable=0x1 lanes=2 config=0x3 status=0x1 hs=0x301 lp=0x0 ctermen=0 csettle=684 d0termen=0 d0settle=661 d1termen=0 d1settle=661 receiver_errors=0x401
Sep 14 23:38:06 pico-qcd kernel: intel-ipu6 intel-ipu60: trace csi 2 set_stream disable pre-error: rx enable=0x1 lanes=2 config=0x3 status=0x1 hs=0x301 lp=0x0 ctermen=0 csettle=684 d0termen=0 d0settle=661 d1termen=0 d1settle=661 receiver_errors=0x401
Sep 14 23:38:06 pico-qcd kernel: intel-ipu6 intel-ipu60: trace csi 2 error snapshot: rx enable=0x1 lanes=2 config=0x3 status=0x0 hs=0x301 lp=0x0 ctermen=0 csettle=684 d0termen=0 d0settle=661 d1termen=0 d1settle=661 receiver_errors=0x401
Sep 14 23:38:06 pico-qcd kernel: intel-ipu6 intel-ipu60: trace csi 2 set_stream disable done: rx enable=0x0 lanes=2 config=0x0 status=0x0 hs=0x301 lp=0x0 ctermen=0 csettle=684 d0termen=0 d0settle=661 d1termen=0 d1settle=661 receiver_errors=0x0
